county_fips,pct_rural,rural
05131,20.41,Mostly Urban
05133,69.29,Mostly Rural
05135,77.84,Mostly Rural
05137,100,Rural
05139,55.07,Mostly Rural
05141,100,Rural
05143,25.42,Mostly Urban
05145,54.89,Mostly Rural
05149,81.36,Mostly Rural
06011,37.32,Mostly Urban
06007,19.73,Mostly Urban
06001,0.39,Mostly Urban
06003,100,Rural
06005,70.65,Mostly Rural
06009,82.4,Mostly Rural
06013,0.81,Mostly Urban
06015,40.19,Mostly Urban
06031,12.67,Mostly Urban
06021,41.9,Mostly Urban
06023,32.96,Mostly Urban
06025,19.09,Mostly Urban
06017,36.9,Mostly Urban
06019,11.49,Mostly Urban
06027,51.27,Mostly Rural
06029,12.51,Mostly Urban
06043,100,Rural
06033,34.4,Mostly Urban
06035,65.01,Mostly Rural
06037,0.7,Mostly Urban
06039,39.32,Mostly Urban
06041,8.46,Mostly Urban
06059,0.17,Mostly Urban
06045,51.59,Mostly Rural
06047,15.23,Mostly Urban
06049,72.73,Mostly Rural
06051,39.48,Mostly Urban
06053,12.63,Mostly Urban
06055,17.51,Mostly Urban
06057,46.42,Mostly Urban
06071,7.61,Mostly Urban
06067,1.99,Mostly Urban
06069,27.6,Mostly Urban
06061,19.66,Mostly Urban
06063,83.43,Mostly Rural
06065,5.65,Mostly Urban
01001,42.89,Mostly Urban
01007,76.07,Mostly Rural
01017,46.97,Mostly Urban
01019,88.05,Mostly Rural
01025,76.76,Mostly Rural
01013,72.22,Mostly Rural
01009,90.01,Mostly Rural
01011,65.03,Mostly Rural
01021,86.83,Mostly Rural
01023,100,Rural
01037,100,Rural
01027,100,Rural
01029,100,Rural
01031,48.25,Mostly Urban
01035,82.9,Mostly Rural
01033,43.87,Mostly Urban
01053,59.57,Mostly Rural
01039,70.58,Mostly Rural
01041,100,Rural
01043,73.04,Mostly Rural
01045,51.24,Mostly Rural
01047,46.82,Mostly Urban
01049,90.91,Mostly Rural
01051,59.85,Mostly Rural
01065,90.52,Mostly Rural
01055,35.92,Mostly Urban
01057,81.14,Mostly Rural
01059,73.2,Mostly Rural
01061,89.75,Mostly Rural
01063,100,Rural
01081,27.11,Mostly Urban
01067,89.03,Mostly Rural
01069,33.99,Mostly Urban
01071,76.5,Mostly Rural
01073,9,Mostly Urban
01075,100,Rural
01077,47.97,Mostly Urban
01079,90.72,Mostly Rural
01099,79.74,Mostly Rural
01083,60.13,Mostly Rural
01085,100,Rural
01087,57,Mostly Rural
01089,15.76,Mostly Urban
01091,71.39,Mostly Rural
01093,89.08,Mostly Rural
01097,19.32,Mostly Urban
01095,55.29,Mostly Rural
01115,71.18,Mostly Rural
01101,10.39,Mostly Urban
01103,38.24,Mostly Urban
01105,100,Rural
01107,100,Rural
01109,55.01,Mostly Rural
01111,82.86,Mostly Rural
01113,35.17,Mostly Urban
01127,74.69,Mostly Rural
01117,24.18,Mostly Urban
01119,100,Rural
01121,57.49,Mostly Rural
01123,77.58,Mostly Rural
01125,25.01,Mostly Urban
02090,35.65,Mostly Urban
01129,100,Rural
01131,100,Rural
01133,86.25,Mostly Rural
02013,100,Rural
02016,100,Rural
02068,100,Rural
02070,100,Rural
02060,100,Rural
08023,100,Rural
08025,100,Rural
08027,100,Rural
08029,64.88,Mostly Rural
08031,0,Mostly Urban
08035,11.2,Mostly Urban
08033,100,Rural
08049,76.37,Mostly Rural
08039,100,Rural
08041,8.57,Mostly Urban
08043,35.35,Mostly Urban
08045,25.44,Mostly Urban
08047,100,Rural
08069,15.2,Mostly Urban
08051,73.94,Mostly Rural
08053,100,Rural
08055,66.96,Mostly Rural
08057,100,Rural
08059,7.43,Mostly Urban
08061,100,Rural
08063,58.04,Mostly Rural
08065,35.64,Mostly Urban
08071,46.37,Mostly Urban
08067,63.5,Mostly Rural
08087,35.15,Mostly Urban
08073,100,Rural
08075,33.6,Mostly Urban
08077,13.18,Mostly Urban
08079,100,Rural
08081,31.05,Mostly Urban
08083,68.74,Mostly Rural
08085,45.2,Mostly Urban
08099,38.62,Mostly Urban
08089,34.17,Mostly Urban
08091,100,Rural
08093,100,Rural
08095,100,Rural
08097,43.73,Mostly Urban
08111,100,Rural
08107,43.4,Mostly Urban
08109,100,Rural
08101,14.37,Mostly Urban
08103,100,Rural
08105,70.23,Mostly Rural
09001,4.58,Mostly Urban
08113,100,Rural
08115,100,Rural
08117,26.07,Mostly Urban
08119,69.49,Mostly Rural
08121,100,Rural
08123,21.29,Mostly Urban
08125,66.59,Mostly Rural
09005,44.04,Mostly Urban
09003,4.98,Mostly Urban
09007,22.56,Mostly Urban
09015,49.96,Mostly Urban
10001,27.19,Mostly Urban
09009,3.32,Mostly Urban
09011,24.17,Mostly Urban
09013,39.6,Mostly Urban
10005,32.09,Mostly Urban
11001,0,Mostly Urban
10003,4.38,Mostly Urban
12009,4.97,Mostly Urban
12015,8.87,Mostly Urban
12001,20.97,Mostly Urban
12005,11.6,Mostly Urban
12007,71.46,Mostly Rural
12011,0.02,Mostly Urban
12027,42.67,Mostly Urban
12003,58.99,Mostly Rural
12013,77.51,Mostly Rural
12017,34.99,Mostly Urban
12019,16.23,Mostly Urban
12021,7.2,Mostly Urban
12029,87.68,Mostly Rural
12023,64.82,Mostly Rural
12041,90.05,Mostly Rural
12031,2.54,Mostly Urban
12033,9.93,Mostly Urban
12035,10.54,Mostly Urban
12037,75.79,Mostly Rural
12039,68.46,Mostly Rural
12057,3.18,Mostly Urban
12043,80.51,Mostly Rural
12045,79.67,Mostly Rural
12047,78.89,Mostly Rural
12049,49.16,Mostly Urban
12051,38.49,Mostly Urban
12053,20.23,Mostly Urban
12055,22,Mostly Urban
12069,18.09,Mostly Urban
12065,100,Rural
12067,100,Rural
12059,85.33,Mostly Rural
12061,4.19,Mostly Urban
12063,81.26,Mostly Rural
12085,6.69,Mostly Urban
12071,6.49,Mostly Urban
12073,11.73,Mostly Urban
12075,93.35,Mostly Rural
12077,100,Rural
12079,79.35,Mostly Rural
12081,3.99,Mostly Urban
12083,30.54,Mostly Urban
12101,8.49,Mostly Urban
12086,0.36,Mostly Urban
12087,11.84,Mostly Urban
12089,42.25,Mostly Urban
12097,15.01,Mostly Urban
12099,0.91,Mostly Urban
12091,10.08,Mostly Urban
12093,35.96,Mostly Urban
12095,1.95,Mostly Urban
12117,2.85,Mostly Urban
12103,0.25,Mostly Urban
12105,14.28,Mostly Urban
12107,58.81,Mostly Rural
12109,22.57,Mostly Urban
12111,3.56,Mostly Urban
12113,21.36,Mostly Urban
12115,3.59,Mostly Urban
12129,73.11,Mostly Rural
12119,23.15,Mostly Urban
12121,84.65,Mostly Rural
02020,4.86,Mostly Urban
02050,70.55,Mostly Rural
02150,36.68,Mostly Urban
02100,100,Rural
02105,100,Rural
02110,20.85,Mostly Urban
02122,83.96,Mostly Rural
02130,24.07,Mostly Urban
02220,21.65,Mostly Urban
02164,100,Rural
02170,60.1,Mostly Rural
02180,65.97,Mostly Rural
02185,45.2,Mostly Urban
02188,59.03,Mostly Rural
02195,100,Rural
02198,100,Rural
02275,100,Rural
02230,100,Rural
02240,100,Rural
02261,100,Rural
02282,100,Rural
02270,100,Rural
04009,40.32,Mostly Urban
02290,100,Rural
04001,78.23,Mostly Rural
04003,38.7,Mostly Urban
04007,53.14,Mostly Rural
04005,42.58,Mostly Urban
04023,35.79,Mostly Urban
04011,49.09,Mostly Urban
04012,63.97,Mostly Rural
04013,2.39,Mostly Urban
04015,25.51,Mostly Urban
04017,56.62,Mostly Rural
04019,7.61,Mostly Urban
04021,19.16,Mostly Urban
05015,77.55,Mostly Rural
04025,35.48,Mostly Urban
04027,10.6,Mostly Urban
05001,38.84,Mostly Urban
05011,52.76,Mostly Rural
05009,61.45,Mostly Rural
05003,52.1,Mostly Rural
05005,67.85,Mostly Rural
05007,26.57,Mostly Urban
05013,100,Rural
05017,56.78,Mostly Rural
05029,70.34,Mostly Rural
05019,60.93,Mostly Rural
05021,59.33,Mostly Rural
05023,80.83,Mostly Rural
05025,100,Rural
05027,58.57,Mostly Rural
05041,34.37,Mostly Urban
05031,31.9,Mostly Urban
05033,54.11,Mostly Rural
05035,22.98,Mostly Urban
05037,57.44,Mostly Rural
05039,58.93,Mostly Rural
05057,59.35,Mostly Rural
05043,51.07,Mostly Rural
05045,37.86,Mostly Urban
05051,33.77,Mostly Urban
05047,82.32,Mostly Rural
05049,92.21,Mostly Rural
05053,74.85,Mostly Rural
05055,41.23,Mostly Urban
05069,31.44,Mostly Urban
05059,67.44,Mostly Rural
05061,68.88,Mostly Rural
05063,69.39,Mostly Rural
05065,100,Rural
05067,59.58,Mostly Rural
05091,39.41,Mostly Urban
05071,73.05,Mostly Rural
05073,100,Rural
05075,64.45,Mostly Rural
05077,57,Mostly Rural
05079,100,Rural
05087,100,Rural
05089,100,Rural
05081,70.67,Mostly Rural
05083,69.96,Mostly Rural
05085,45.37,Mostly Urban
05103,56.92,Mostly Rural
05093,34.95,Mostly Urban
05095,71.92,Mostly Rural
05097,100,Rural
05099,71.14,Mostly Rural
05101,100,Rural
05109,100,Rural
05105,100,Rural
05107,49.01,Mostly Urban
13011,94.39,Mostly Rural
13013,30.48,Mostly Urban
13017,34.94,Mostly Urban
13039,33.87,Mostly Urban
13023,54.81,Mostly Rural
13009,35.77,Mostly Urban
13005,70.28,Mostly Rural
13007,100,Rural
13021,13,Mostly Urban
13015,35.05,Mostly Urban
13019,75.73,Mostly Rural
13027,70.46,Mostly Rural
13029,54.86,Mostly Rural
13031,49.35,Mostly Urban
13033,76.69,Mostly Rural
13035,76.25,Mostly Rural
13037,100,Rural
13053,47.78,Mostly Urban
13043,66.9,Mostly Rural
13045,42.27,Mostly Urban
13047,26.57,Mostly Urban
13049,60.47,Mostly Rural
13051,4.7,Mostly Urban
13069,64.8,Mostly Rural
13055,61.19,Mostly Rural
13057,17.78,Mostly Urban
13059,5.66,Mostly Urban
13061,100,Rural
13063,0.86,Mostly Urban
13065,59.99,Mostly Rural
13067,0.23,Mostly Urban
13081,48.82,Mostly Urban
13077,32.82,Mostly Urban
13079,100,Rural
13071,57.17,Mostly Rural
13073,17.05,Mostly Urban
13075,58.97,Mostly Rural
13093,62.94,Mostly Rural
13083,76.69,Mostly Rural
13085,83.08,Mostly Rural
13087,56.12,Mostly Rural
13089,0.26,Mostly Urban
13091,72.72,Mostly Rural
13109,62.31,Mostly Rural
13095,13.87,Mostly Urban
13097,15.13,Mostly Urban
13099,69.59,Mostly Rural
13101,100,Rural
13103,67.58,Mostly Rural
13105,69.48,Mostly Rural
13107,68.84,Mostly Rural
06077,8.6,Mostly Urban
13111,100,Rural
13113,17.91,Mostly Urban
13115,36.71,Mostly Urban
13117,10.53,Mostly Urban
13119,90.16,Mostly Rural
06073,3.54,Mostly Urban
06075,0,Mostly Urban
06093,68.43,Mostly Rural
06079,17.38,Mostly Urban
06081,2.23,Mostly Urban
06083,6.15,Mostly Urban
06085,1.16,Mostly Urban
06087,13.81,Mostly Urban
06089,30.97,Mostly Urban
06091,99.7,Mostly Rural
06115,30.67,Mostly Urban
06095,3.96,Mostly Urban
06097,15.86,Mostly Urban
06099,8.41,Mostly Urban
06101,15.85,Mostly Urban
06103,53.31,Mostly Rural
06105,100,Rural
06111,3.47,Mostly Urban
06113,7.51,Mostly Urban
06107,17.78,Mostly Urban
06109,50.88,Mostly Rural
08011,46.16,Mostly Urban
08001,3.74,Mostly Urban
08005,1.44,Mostly Urban
08007,61.53,Mostly Rural
08009,100,Rural
08003,38.1,Mostly Urban
08021,100,Rural
08013,10.81,Mostly Urban
08014,0.57,Mostly Urban
08015,47.29,Mostly Urban
08017,100,Rural
08019,100,Rural
08037,29.96,Mostly Urban
05123,61.39,Mostly Rural
05147,100,Rural
05115,56.4,Mostly Rural
05119,11.71,Mostly Urban
01003,41.58,Mostly Urban
01005,66.24,Mostly Rural
01015,32.36,Mostly Urban
05111,71.53,Mostly Rural
05113,72.48,Mostly Rural
05117,100,Rural
05121,68.23,Mostly Rural
05125,35.57,Mostly Urban
05127,70.34,Mostly Rural
05129,100,Rural
29181,100,Rural
29183,5.98,Mostly Urban
29203,100,Rural
29186,77.4,Mostly Rural
29187,46.39,Mostly Urban
29189,1.05,Mostly Urban
29195,49.15,Mostly Urban
29197,100,Rural
29199,100,Rural
29201,40.15,Mostly Urban
29215,99.28,Mostly Rural
29205,100,Rural
29207,69.2,Mostly Rural
29209,87.97,Mostly Rural
29211,100,Rural
29213,41.54,Mostly Urban
29217,56.11,Mostly Rural
29219,65.88,Mostly Rural
29221,83.51,Mostly Rural
29223,100,Rural
29225,72.05,Mostly Rural
29227,100,Rural
29229,75.53,Mostly Rural
29510,0,Mostly Urban
30005,100,Rural
30003,69.33,Mostly Rural
30001,59.28,Mostly Rural
30007,100,Rural
30021,30.47,Mostly Urban
30011,100,Rural
30009,100,Rural
30013,21.03,Mostly Urban
30015,100,Rural
30023,33.4,Mostly Urban
30025,100,Rural
30027,46.71,Mostly Urban
30017,18.31,Mostly Urban
30019,100,Rural
30039,100,Rural
30029,55.73,Mostly Rural
30031,37.25,Mostly Urban
30033,100,Rural
30035,45.72,Mostly Urban
30037,100,Rural
36037,58.1,Mostly Rural
36039,82.12,Mostly Rural
36051,53.77,Mostly Rural
30041,38.59,Mostly Urban
30043,100,Rural
30045,100,Rural
30047,84.68,Mostly Rural
36043,56.21,Mostly Rural
36041,100,Rural
36045,58.19,Mostly Rural
36047,0,Mostly Urban
36049,88.85,Mostly Rural
36063,20.14,Mostly Urban
36053,60.58,Mostly Rural
36055,5.94,Mostly Urban
36057,38.19,Mostly Urban
36059,0.22,Mostly Urban
36061,0,Mostly Urban
36079,22.24,Mostly Urban
36065,33,Mostly Urban
36067,12.38,Mostly Urban
36069,47.32,Mostly Urban
36071,22.53,Mostly Urban
36073,63.32,Mostly Rural
36077,77.58,Mostly Rural
36075,63.98,Mostly Rural
36091,31.25,Mostly Urban
36081,0,Mostly Urban
36083,29.74,Mostly Urban
36085,0,Mostly Urban
36087,0.76,Mostly Urban
36089,69.71,Mostly Rural
36107,65.54,Mostly Rural
36093,7.72,Mostly Urban
36095,86.95,Mostly Rural
36097,81.53,Mostly Rural
36099,58.15,Mostly Rural
36101,62.09,Mostly Rural
36103,6.87,Mostly Urban
36105,81.31,Mostly Rural
36115,69.05,Mostly Rural
36109,47.1,Mostly Urban
36111,50.99,Mostly Rural
36113,47.14,Mostly Urban
36117,61.73,Mostly Rural
36119,3.29,Mostly Urban
36121,68.41,Mostly Rural
36123,75.03,Mostly Rural
37007,76.9,Mostly Rural
37011,99.14,Mostly Rural
37003,74.56,Mostly Rural
37015,88.1,Mostly Rural
37013,68.64,Mostly Rural
37005,100,Rural
37001,28.36,Mostly Urban
37009,88.05,Mostly Rural
37017,91.08,Mostly Rural
18061,84.75,Mostly Rural
18073,65.93,Mostly Rural
18059,30.17,Mostly Urban
37019,40.07,Mostly Urban
37021,24.31,Mostly Urban
37023,44.05,Mostly Urban
18063,18.56,Mostly Urban
18065,41.79,Mostly Urban
18067,19.01,Mostly Urban
18069,50.53,Mostly Rural
18071,43.34,Mostly Urban
18089,3.7,Mostly Urban
18075,51.3,Mostly Rural
18077,44.48,Mostly Urban
18079,57.25,Mostly Rural
18087,90.12,Mostly Rural
18085,44.95,Mostly Urban
18081,13.9,Mostly Urban
18083,36.21,Mostly Urban
12123,71.95,Mostly Rural
12125,77.97,Mostly Rural
12127,8.71,Mostly Urban
13001,71.84,Mostly Rural
13025,99.44,Mostly Rural
13003,100,Rural
12131,51.28,Mostly Rural
12133,83.77,Mostly Rural
29071,54.61,Mostly Rural
29077,12.95,Mostly Urban
29061,100,Rural
29057,100,Rural
29059,80.67,Mostly Rural
29063,83.11,Mostly Rural
29069,50.5,Mostly Rural
29065,67.26,Mostly Rural
29073,83.28,Mostly Rural
29075,100,Rural
29067,78.16,Mostly Rural
29099,30.36,Mostly Urban
29079,44.57,Mostly Urban
29081,69.78,Mostly Rural
29083,49.13,Mostly Urban
29091,71.29,Mostly Rural
29093,74.07,Mostly Rural
29041,100,Rural
29085,100,Rural
29087,100,Rural
29089,65.78,Mostly Rural
29095,3.28,Mostly Urban
29097,22.53,Mostly Urban
29111,100,Rural
29101,51.71,Mostly Rural
29103,100,Rural
29105,58.7,Mostly Rural
29107,56.15,Mostly Rural
29109,58.07,Mostly Rural
29123,65.86,Mostly Rural
29113,75.29,Mostly Rural
29115,66.51,Mostly Rural
29117,37.96,Mostly Urban
29119,99.99,Mostly Rural
29121,67.74,Mostly Rural
29139,80.18,Mostly Rural
29131,79.93,Mostly Rural
29129,100,Rural
29133,38.21,Mostly Urban
29125,100,Rural
29127,24.8,Mostly Urban
29135,54.06,Mostly Rural
29137,100,Rural
29151,100,Rural
29141,100,Rural
29143,56.98,Mostly Rural
29145,63.81,Mostly Rural
29147,48.65,Mostly Urban
29149,80.66,Mostly Rural
29153,100,Rural
29155,49.47,Mostly Urban
29157,57.38,Mostly Rural
29159,35.3,Mostly Urban
29161,47.03,Mostly Urban
29163,60.41,Mostly Rural
29165,15.59,Mostly Urban
34041,35.51,Mostly Urban
35005,24.01,Mostly Urban
34033,41.92,Mostly Urban
34035,5.81,Mostly Urban
34037,39.08,Mostly Urban
34039,0,Mostly Urban
35003,100,Rural
35001,3.94,Mostly Urban
35019,56.46,Mostly Rural
35006,59.21,Mostly Rural
35007,66.51,Mostly Rural
35009,14.3,Mostly Urban
35011,100,Rural
35013,18.67,Mostly Urban
35015,20.32,Mostly Urban
35017,45.38,Mostly Urban
35033,100,Rural
35021,100,Rural
35023,100,Rural
35025,21.15,Mostly Urban
35027,53.03,Mostly Rural
35028,10.83,Mostly Urban
35029,43.41,Mostly Urban
35035,37.85,Mostly Urban
35031,59.34,Mostly Rural
35051,32.47,Mostly Urban
35037,47.35,Mostly Urban
35039,55.97,Mostly Rural
35041,37.61,Mostly Urban
35043,19.06,Mostly Urban
35045,34.3,Mostly Urban
35047,53.38,Mostly Rural
35049,25.46,Mostly Urban
36001,9.81,Mostly Urban
35053,49.47,Mostly Urban
35055,63.35,Mostly Rural
35057,98.86,Mostly Rural
35059,100,Rural
35061,17.13,Mostly Urban
36009,65.77,Mostly Rural
36011,55.53,Mostly Rural
36029,8.32,Mostly Urban
36007,25.29,Mostly Urban
36003,85.89,Mostly Rural
36005,0,Mostly Urban
36013,45.97,Mostly Urban
36015,23.79,Mostly Urban
36017,84.04,Mostly Rural
36019,64.46,Mostly Rural
36021,75.9,Mostly Rural
36023,46.54,Mostly Urban
36025,85.87,Mostly Rural
36027,27.68,Mostly Urban
36031,81.74,Mostly Rural
36033,71.11,Mostly Rural
36035,55.45,Mostly Rural
17165,42.99,Mostly Urban
17151,100,Rural
17153,100,Rural
17155,100,Rural
17157,48.19,Mostly Urban
17159,42.51,Mostly Urban
17161,10.31,Mostly Urban
17163,9.46,Mostly Urban
17167,12.84,Mostly Urban
17169,55.28,Mostly Rural
17177,37.81,Mostly Urban
17179,19.56,Mostly Urban
17173,76.56,Mostly Rural
17175,100,Rural
17193,62.35,Mostly Rural
17181,64.48,Mostly Rural
17171,100,Rural
17183,30.51,Mostly Urban
17185,37.55,Mostly Urban
17187,49.47,Mostly Urban
17189,73.26,Mostly Rural
17191,66.72,Mostly Rural
17195,35.66,Mostly Urban
17197,4.29,Mostly Urban
17199,32.96,Mostly Urban
17201,7.86,Mostly Urban
17203,55.87,Mostly Rural
18015,78.95,Mostly Rural
18005,31.75,Mostly Urban
18001,43.66,Mostly Urban
18003,10.21,Mostly Urban
18007,100,Rural
18009,48.24,Mostly Urban
18011,33.63,Mostly Urban
18013,100,Rural
18039,17.8,Mostly Urban
18017,45.07,Mostly Urban
18019,19.47,Mostly Urban
18021,60.22,Mostly Rural
18023,49.96,Mostly Urban
18025,100,Rural
18027,55.44,Mostly Rural
18029,52.03,Mostly Rural
18031,52.26,Mostly Rural
18033,40.57,Mostly Urban
18035,22.18,Mostly Urban
18037,48.54,Mostly Urban
18049,63.08,Mostly Rural
18041,34.02,Mostly Urban
18043,18.68,Mostly Urban
18045,65.66,Mostly Rural
18051,51.38,Mostly Rural
18047,89.38,Mostly Rural
29167,68.55,Mostly Rural
29185,100,Rural
18053,28.41,Mostly Urban
18055,72.63,Mostly Rural
18057,5.82,Mostly Urban
29169,54.81,Mostly Rural
29171,100,Rural
29173,96.68,Mostly Rural
29177,72.45,Mostly Rural
29175,46.91,Mostly Urban
29179,100,Rural
37079,100,Rural
37069,86.63,Mostly Rural
37071,19.39,Mostly Urban
37073,100,Rural
37075,100,Rural
37077,61.01,Mostly Rural
37091,68.73,Mostly Rural
37087,60.11,Mostly Rural
37089,34.1,Mostly Urban
37081,12.07,Mostly Urban
37083,56.7,Mostly Rural
37085,57.41,Mostly Rural
37107,42.23,Mostly Urban
37093,43.35,Mostly Urban
37095,100,Rural
37097,37.87,Mostly Urban
37099,83.66,Mostly Rural
37101,52.69,Mostly Rural
37103,100,Rural
37105,42.63,Mostly Urban
37129,2.48,Mostly Urban
37109,53.3,Mostly Rural
37113,85.31,Mostly Rural
37115,94.38,Mostly Rural
37117,77.41,Mostly Rural
37119,1.05,Mostly Urban
37123,84.98,Mostly Rural
37121,85.23,Mostly Rural
37125,48.05,Mostly Urban
37127,46.29,Mostly Urban
48023,100,Rural
37111,71.31,Mostly Rural
37131,90.52,Mostly Rural
37133,32.49,Mostly Urban
37135,29.82,Mostly Urban
48001,59.6,Mostly Rural
48007,29.22,Mostly Urban
48003,16.74,Mostly Urban
48005,45.76,Mostly Urban
48009,90.28,Mostly Rural
48011,100,Rural
48015,68.75,Mostly Rural
48017,32.69,Mostly Urban
48019,100,Rural
48021,66.27,Mostly Rural
48013,60.98,Mostly Rural
47179,25.38,Mostly Urban
47187,20.38,Mostly Urban
47181,100,Rural
47183,69.97,Mostly Rural
47189,38.62,Mostly Urban
48025,40.89,Mostly Urban
48027,15.17,Mostly Urban
48031,100,Rural
48035,84.47,Mostly Rural
48039,22.12,Mostly Urban
48043,42.76,Mostly Urban
48045,100,Rural
48047,34.58,Mostly Urban
48029,4.31,Mostly Urban
48041,12.02,Mostly Urban
48033,100,Rural
48037,33.69,Mostly Urban
48051,81.85,Mostly Rural
48049,47.01,Mostly Urban
48069,47.69,Mostly Urban
48059,74.76,Mostly Rural
48053,58.58,Mostly Rural
48055,45.95,Mostly Urban
48057,59.35,Mostly Rural
48061,8.68,Mostly Urban
48063,66.04,Mostly Rural
48065,95.33,Mostly Rural
48067,75.02,Mostly Rural
48085,5.21,Mostly Urban
48071,50,Mostly Rural
48073,68.3,Mostly Rural
48075,20.4,Mostly Urban
48077,75.53,Mostly Rural
48079,100,Rural
48081,100,Rural
48083,57.5,Mostly Rural
48087,100,Rural
48089,67.78,Mostly Rural
48091,46.4,Mostly Urban
48093,75.51,Mostly Rural
48095,100,Rural
48097,61.1,Mostly Rural
48103,11.64,Mostly Urban
48099,26.02,Mostly Urban
18171,76.36,Mostly Rural
18173,28.95,Mostly Urban
18175,75.34,Mostly Rural
18177,30.2,Mostly Urban
18179,47.55,Mostly Urban
18181,65.74,Mostly Rural
18183,70.35,Mostly Rural
19001,100,Rural
19017,67.54,Mostly Rural
19005,75.55,Mostly Rural
19003,100,Rural
19013,13.2,Mostly Urban
19011,80.24,Mostly Rural
19009,100,Rural
19007,57.76,Mostly Rural
19015,48.15,Mostly Urban
19019,66.59,Mostly Rural
19035,60.29,Mostly Rural
19021,50.1,Mostly Rural
19023,100,Rural
19025,100,Rural
19027,50.43,Mostly Rural
19029,52.94,Mostly Rural
19031,82.04,Mostly Rural
19033,18.62,Mostly Urban
19047,57.66,Mostly Rural
19037,72.48,Mostly Rural
19039,47.94,Mostly Urban
19041,34.22,Mostly Urban
19043,96.1,Mostly Rural
19045,30.54,Mostly Urban
38005,100,Rural
38009,100,Rural
38007,100,Rural
38015,15.44,Mostly Urban
38017,9.31,Mostly Urban
38031,100,Rural
38021,100,Rural
38023,100,Rural
38025,100,Rural
38027,100,Rural
38029,100,Rural
48101,100,Rural
48105,34.03,Mostly Urban
48107,100,Rural
48119,100,Rural
38033,100,Rural
38035,16.52,Mostly Urban
38037,100,Rural
38039,100,Rural
38041,100,Rural
38047,100,Rural
38051,100,Rural
38053,100,Rural
48109,100,Rural
48111,24.97,Mostly Urban
48113,0.63,Mostly Urban
48115,19.31,Mostly Urban
48117,19.95,Mostly Urban
48131,70.79,Mostly Rural
48121,7.01,Mostly Urban
48123,59.23,Mostly Rural
48125,100,Rural
48127,46.09,Mostly Urban
48129,100,Rural
48147,76.52,Mostly Rural
48139,32.37,Mostly Urban
48137,100,Rural
48141,2.27,Mostly Urban
48133,66.92,Mostly Rural
48135,8.59,Mostly Urban
48143,47.4,Mostly Urban
48145,66.97,Mostly Rural
48159,75.08,Mostly Rural
48149,73.6,Mostly Rural
48151,100,Rural
48153,54.23,Mostly Rural
48155,100,Rural
48157,6.05,Mostly Urban
48173,100,Rural
48161,68,Mostly Rural
48163,32.12,Mostly Urban
48165,59.9,Mostly Rural
48167,10.41,Mostly Urban
48169,41.57,Mostly Urban
48175,100,Rural
48171,54.83,Mostly Rural
48187,27.51,Mostly Urban
48177,69.92,Mostly Rural
48179,15.53,Mostly Urban
48181,44.18,Mostly Urban
48183,13.78,Mostly Urban
48185,75.35,Mostly Rural
48203,57.88,Mostly Rural
48189,26.41,Mostly Urban
48191,100,Rural
48193,68.64,Mostly Rural
48195,42.86,Mostly Urban
48197,100,Rural
48199,52.95,Mostly Rural
48201,1.16,Mostly Urban
48211,30.39,Mostly Urban
48213,60.44,Mostly Rural
48205,43.68,Mostly Urban
48207,61.69,Mostly Rural
48209,32.92,Mostly Urban
19119,100,Rural
19099,53.29,Mostly Rural
19101,40.28,Mostly Urban
19103,17.39,Mostly Urban
19111,39.84,Mostly Urban
19113,11.88,Mostly Urban
19105,59.29,Mostly Rural
19107,100,Rural
19109,65.03,Mostly Rural
19115,100,Rural
19117,54.88,Mostly Rural
19131,64.54,Mostly Rural
19121,66.26,Mostly Rural
19123,42.67,Mostly Urban
19125,46.93,Mostly Urban
19127,35.08,Mostly Urban
19129,60.86,Mostly Rural
19143,59.26,Mostly Rural
19133,70.9,Mostly Rural
19135,57.26,Mostly Rural
19137,46.57,Mostly Urban
19139,25.95,Mostly Urban
19141,66.46,Mostly Rural
19163,12.77,Mostly Urban
19145,33.94,Mostly Urban
19147,62.94,Mostly Rural
19149,61.91,Mostly Rural
19151,100,Rural
19153,4.3,Mostly Urban
19155,26.11,Mostly Urban
19157,57.58,Mostly Rural
19159,100,Rural
19165,57.83,Mostly Rural
19161,100,Rural
19181,42.43,Mostly Urban
19167,53.28,Mostly Rural
19169,17.14,Mostly Urban
19171,73.37,Mostly Rural
19173,100,Rural
19175,38.44,Mostly Urban
19177,100,Rural
19179,30.6,Mostly Urban
19193,18.38,Mostly Urban
19183,68.24,Mostly Rural
19185,100,Rural
19187,34.56,Mostly Urban
19189,68.58,Mostly Rural
19191,61.95,Mostly Rural
38049,100,Rural
38043,100,Rural
19063,41.36,Mostly Urban
19049,31.33,Mostly Urban
19051,100,Rural
19057,25.35,Mostly Urban
19053,100,Rural
19055,71.66,Mostly Rural
19059,39.58,Mostly Urban
19061,24.75,Mostly Urban
19075,100,Rural
19065,69.46,Mostly Rural
19067,50.03,Mostly Rural
19069,62.24,Mostly Rural
19071,100,Rural
19073,58.32,Mostly Rural
19091,46.37,Mostly Urban
19077,100,Rural
19079,49.56,Mostly Urban
19081,70.92,Mostly Rural
19083,71.04,Mostly Rural
19085,80.92,Mostly Rural
19087,59.55,Mostly Rural
19089,60.93,Mostly Rural
37141,73.47,Mostly Rural
19093,100,Rural
19095,81.57,Mostly Rural
19097,52.6,Mostly Rural
37137,100,Rural
37139,39.25,Mostly Urban
37153,44.17,Mostly Urban
37143,100,Rural
37145,74.52,Mostly Rural
37147,23.6,Mostly Urban
37149,91.02,Mostly Rural
37151,56.09,Mostly Rural
37169,76.98,Mostly Rural
37161,63.56,Mostly Rural
37159,39.12,Mostly Urban
37163,85.14,Mostly Rural
37155,61.84,Mostly Rural
37157,59.31,Mostly Rural
37165,45.65,Mostly Urban
37167,66.57,Mostly Rural
37181,54.05,Mostly Rural
37171,67.23,Mostly Rural
37173,100,Rural
37175,65.77,Mostly Rural
37177,100,Rural
37179,29.8,Mostly Urban
37195,37.63,Mostly Urban
37183,5.92,Mostly Urban
37185,100,Rural
37187,69.14,Mostly Rural
37189,72.22,Mostly Rural
37191,44.82,Mostly Urban
37197,84.71,Mostly Rural
37193,73.48,Mostly Rural
37199,100,Rural
38011,100,Rural
38019,100,Rural
38001,100,Rural
38003,41.41,Mostly Urban
38013,100,Rural
18101,71.5,Mostly Rural
18091,34.34,Mostly Urban
18093,56.04,Mostly Rural
18095,21.54,Mostly Urban
18097,0.51,Mostly Urban
18099,62.85,Mostly Rural
18113,68.83,Mostly Rural
18103,47.08,Mostly Urban
18105,22.79,Mostly Urban
18107,51.21,Mostly Rural
18109,48.26,Mostly Urban
18111,100,Rural
18129,65.74,Mostly Rural
18115,100,Rural
18117,83.96,Mostly Rural
18119,100,Rural
18121,81.43,Mostly Rural
18123,49.66,Mostly Urban
18127,20.27,Mostly Urban
18125,100,Rural
18141,8.62,Mostly Urban
18131,80.81,Mostly Rural
18133,65.32,Mostly Rural
18135,60.21,Mostly Rural
18137,82.7,Mostly Rural
18139,58.52,Mostly Rural
18157,13.77,Mostly Urban
18143,50.42,Mostly Rural
18145,49.87,Mostly Urban
18147,100,Rural
18149,81.62,Mostly Rural
18151,69.92,Mostly Rural
18153,75.27,Mostly Rural
18155,100,Rural
18169,48.06,Mostly Urban
18165,58.99,Mostly Rural
18167,23.67,Mostly Urban
18159,60.22,Mostly Rural
18161,100,Rural
18163,7.96,Mostly Urban
37039,100,Rural
37025,19.51,Mostly Urban
37027,36,Mostly Urban
37029,99.22,Mostly Rural
37031,27.15,Mostly Urban
37033,99.11,Mostly Rural
37035,29.91,Mostly Urban
37037,66.1,Mostly Rural
37049,27.78,Mostly Urban
37041,67.22,Mostly Rural
37043,100,Rural
37045,55.12,Mostly Rural
37051,13,Mostly Urban
37047,83.01,Mostly Rural
37067,7.26,Mostly Urban
37053,98.44,Mostly Rural
37055,28.4,Mostly Urban
37057,47.81,Mostly Urban
37059,69.98,Mostly Rural
37061,85.73,Mostly Rural
37063,5.51,Mostly Urban
37065,44.16,Mostly Urban
39081,38.11,Mostly Urban
39099,13.97,Mostly Urban
39085,5.92,Mostly Urban
39087,44.04,Mostly Urban
39089,33.7,Mostly Urban
39097,52.53,Mostly Rural
39095,4.04,Mostly Urban
39091,47.9,Mostly Urban
39093,10.87,Mostly Urban
39111,97.7,Mostly Rural
39101,30.13,Mostly Urban
39103,28.14,Mostly Urban
39105,79.7,Mostly Rural
39107,59.38,Mostly Rural
39109,29.19,Mostly Urban
39127,75.18,Mostly Rural
39113,3.86,Mostly Urban
39115,82.68,Mostly Rural
39117,87.35,Mostly Rural
39119,44.93,Mostly Urban
39121,76.66,Mostly Rural
39123,44.6,Mostly Urban
39125,80.67,Mostly Rural
39139,29.42,Mostly Urban
39129,50.91,Mostly Rural
39131,71.22,Mostly Rural
39133,32.27,Mostly Urban
39135,67.11,Mostly Rural
39137,83.42,Mostly Rural
39151,12.44,Mostly Urban
39141,60.3,Mostly Rural
39143,42.6,Mostly Urban
39145,53.29,Mostly Rural
39147,45.44,Mostly Urban
39149,48.59,Mostly Urban
48327,100,Rural
48333,100,Rural
39153,3.42,Mostly Urban
39155,24.58,Mostly Urban
39161,48.02,Mostly Urban
39157,39.86,Mostly Urban
39159,52.39,Mostly Rural
39163,100,Rural
39165,17.41,Mostly Urban
48329,11.57,Mostly Urban
48331,57.57,Mostly Rural
48345,100,Rural
48335,57.33,Mostly Rural
48337,61.81,Mostly Rural
48339,21.96,Mostly Urban
48341,18.72,Mostly Urban
48343,80.53,Mostly Rural
48367,57.19,Mostly Rural
48347,48.62,Mostly Urban
48349,55.4,Mostly Rural
48351,100,Rural
48353,34.4,Mostly Urban
48355,7.98,Mostly Urban
48357,15.63,Mostly Urban
48359,100,Rural
48361,32.38,Mostly Urban
48365,74.51,Mostly Rural
48363,60.48,Mostly Rural
48379,92.92,Mostly Rural
48369,62.41,Mostly Rural
48371,37.49,Mostly Urban
48373,75.49,Mostly Rural
48375,8.69,Mostly Urban
48377,52.03,Mostly Rural
48395,78.7,Mostly Rural
48381,13.58,Mostly Urban
48383,21.21,Mostly Urban
48385,100,Rural
48387,76.6,Mostly Rural
48389,23.69,Mostly Urban
48391,63.53,Mostly Rural
48393,100,Rural
48407,100,Rural
48397,15.53,Mostly Urban
48399,43.45,Mostly Urban
48401,72.61,Mostly Rural
48403,100,Rural
48405,100,Rural
48429,45.24,Mostly Urban
48409,20.75,Mostly Urban
48411,64.05,Mostly Rural
48413,100,Rural
48415,29.64,Mostly Urban
48417,100,Rural
48419,81.83,Mostly Rural
48421,100,Rural
48423,31.17,Mostly Urban
48427,26.4,Mostly Urban
48425,100,Rural
48431,100,Rural
48433,100,Rural
48435,27.28,Mostly Urban
48437,43.06,Mostly Urban
20123,50.09,Mostly Rural
20125,42.18,Mostly Urban
20129,100,Rural
20131,73.5,Mostly Rural
20147,56.67,Mostly Rural
20133,44.88,Mostly Urban
20135,100,Rural
20137,42.88,Mostly Urban
20139,83.37,Mostly Rural
20141,100,Rural
20143,100,Rural
20145,32.87,Mostly Urban
20159,63.32,Mostly Rural
20149,60.05,Mostly Rural
20151,30,Mostly Urban
20153,100,Rural
20155,30.44,Mostly Urban
20157,100,Rural
20175,12.34,Mostly Urban
20167,44.19,Mostly Urban
20165,100,Rural
20169,14.08,Mostly Urban
20161,15.84,Mostly Urban
20163,100,Rural
20171,25.26,Mostly Urban
20173,6.75,Mostly Urban
20187,100,Rural
20177,14,Mostly Urban
20179,100,Rural
38045,100,Rural
38065,100,Rural
19195,100,Rural
19197,59.64,Mostly Rural
20001,58.08,Mostly Rural
20011,48.11,Mostly Urban
20013,66.85,Mostly Rural
20005,35.97,Mostly Urban
20003,58.17,Mostly Rural
20007,100,Rural
38055,100,Rural
38057,67.6,Mostly Rural
38059,32.7,Mostly Urban
38061,100,Rural
38063,100,Rural
38081,100,Rural
38067,100,Rural
38069,37.15,Mostly Urban
38071,36.14,Mostly Urban
38073,100,Rural
38075,100,Rural
38077,53.23,Mostly Rural
38079,100,Rural
38093,29.83,Mostly Urban
38083,100,Rural
38085,100,Rural
38087,100,Rural
38089,27.7,Mostly Urban
38091,100,Rural
38105,35.79,Mostly Urban
38101,21.68,Mostly Urban
38103,100,Rural
38095,100,Rural
38097,100,Rural
38099,64.42,Mostly Rural
39013,51.37,Mostly Rural
39003,24.2,Mostly Urban
39001,88.87,Mostly Rural
39007,43.63,Mostly Urban
39005,60.04,Mostly Rural
39009,49.27,Mostly Urban
39015,74.77,Mostly Rural
39011,37.66,Mostly Urban
39017,9.06,Mostly Urban
39019,70.82,Mostly Rural
39021,68.11,Mostly Rural
39037,62.4,Mostly Rural
39023,22.08,Mostly Urban
39025,22.11,Mostly Urban
39027,51.69,Mostly Rural
39029,42.6,Mostly Urban
39031,58.56,Mostly Rural
39033,32.3,Mostly Urban
39035,0.5,Mostly Urban
39049,1.17,Mostly Urban
39039,42,Mostly Urban
39041,19.62,Mostly Urban
39043,24.78,Mostly Urban
39047,45.92,Mostly Urban
39045,32.9,Mostly Urban
48215,4.86,Mostly Urban
48231,54.85,Mostly Rural
39051,55,Mostly Rural
39053,79.81,Mostly Rural
48217,79.14,Mostly Rural
48219,40.93,Mostly Urban
48221,31.18,Mostly Urban
48223,58.61,Mostly Rural
48225,75.89,Mostly Rural
48227,24.4,Mostly Urban
48229,100,Rural
48249,41.7,Mostly Urban
48233,22.41,Mostly Urban
48235,100,Rural
48237,65.27,Mostly Rural
48245,8.5,Mostly Urban
48247,22.29,Mostly Urban
48239,62.79,Mostly Rural
48241,79.01,Mostly Rural
48243,100,Rural
48265,43.31,Mostly Urban
48251,38.68,Mostly Urban
48253,79.94,Mostly Rural
48255,54.57,Mostly Rural
48257,51.27,Mostly Rural
48259,58.56,Mostly Rural
48261,100,Rural
48263,100,Rural
48277,44.99,Mostly Urban
48267,62.44,Mostly Rural
48269,100,Rural
48271,26.44,Mostly Urban
48273,19.69,Mostly Urban
48275,100,Rural
48293,62.85,Mostly Rural
48279,58.58,Mostly Rural
48281,69.02,Mostly Rural
48283,39.66,Mostly Urban
48285,84.74,Mostly Rural
48287,75.42,Mostly Rural
48289,100,Rural
48291,67.6,Mostly Rural
48303,10.92,Mostly Urban
48295,100,Rural
48297,100,Rural
48299,50.97,Mostly Rural
48305,56.84,Mostly Rural
48301,100,Rural
48317,100,Rural
48307,42.14,Mostly Urban
48309,23.04,Mostly Urban
48311,100,Rural
48313,66.84,Mostly Rural
48315,100,Rural
48319,100,Rural
48321,45.73,Mostly Urban
48323,9.44,Mostly Urban
48325,62.26,Mostly Rural
20009,32.55,Mostly Urban
20017,100,Rural
20015,40.92,Mostly Urban
20051,25.44,Mostly Urban
20027,46.91,Mostly Urban
20025,100,Rural
20029,46.06,Mostly Urban
20019,100,Rural
20021,47.19,Mostly Urban
20023,100,Rural
20031,68.97,Mostly Rural
20033,100,Rural
20035,31.43,Mostly Urban
20037,34.76,Mostly Urban
20039,100,Rural
20041,63.91,Mostly Rural
20043,71.56,Mostly Rural
20047,100,Rural
20049,100,Rural
20063,100,Rural
20053,66.81,Mostly Rural
20055,18.7,Mostly Urban
20057,22.62,Mostly Urban
20059,51.53,Mostly Rural
20061,12.09,Mostly Urban
20045,10.93,Mostly Urban
20085,72.19,Mostly Rural
20065,100,Rural
20067,21.12,Mostly Urban
20069,100,Rural
20071,100,Rural
20073,65.88,Mostly Rural
20075,100,Rural
20077,100,Rural
20079,29.93,Mostly Urban
20087,98.88,Mostly Rural
20081,100,Rural
20083,100,Rural
20089,100,Rural
20091,3.53,Mostly Urban
20107,100,Rural
20093,100,Rural
20095,62.02,Mostly Rural
20097,100,Rural
20099,51.17,Mostly Rural
20101,100,Rural
20103,29.51,Mostly Urban
20105,100,Rural
20119,100,Rural
20109,100,Rural
20111,25.69,Mostly Urban
20113,42.53,Mostly Urban
20115,81.32,Mostly Rural
20117,69.67,Mostly Rural
39055,60.48,Mostly Rural
39083,53.23,Mostly Rural
20127,100,Rural
20121,50.52,Mostly Rural
39057,13.7,Mostly Urban
39059,60.54,Mostly Rural
39061,1.92,Mostly Urban
39063,28.14,Mostly Urban
39065,56.22,Mostly Rural
39067,85.07,Mostly Rural
39069,66.13,Mostly Rural
39071,71.44,Mostly Rural
39073,72.32,Mostly Rural
39075,90.25,Mostly Rural
39077,48.51,Mostly Urban
39079,62.23,Mostly Rural
40061,78.43,Mostly Rural
40063,64.56,Mostly Rural
40065,25.7,Mostly Urban
40067,100,Rural
40069,100,Rural
40071,24.24,Mostly Urban
40073,71.46,Mostly Rural
40087,76.67,Mostly Rural
40083,55.51,Mostly Rural
40085,100,Rural
40077,74.41,Mostly Rural
40079,74.17,Mostly Rural
40081,91.94,Mostly Rural
48439,1.35,Mostly Urban
48441,16.18,Mostly Urban
48451,15.3,Mostly Urban
40089,70.64,Mostly Rural
40091,91.06,Mostly Rural
40093,100,Rural
40095,82.69,Mostly Rural
40097,78.29,Mostly Rural
40099,49.38,Mostly Urban
40101,38.59,Mostly Urban
48443,100,Rural
48445,27.44,Mostly Urban
48447,100,Rural
48449,53.17,Mostly Rural
48463,38.97,Mostly Urban
48453,5.33,Mostly Urban
48455,80.87,Mostly Rural
48457,88.51,Mostly Rural
48459,79.32,Mostly Rural
48461,100,Rural
48479,3.32,Mostly Urban
48465,16.73,Mostly Urban
48467,76.02,Mostly Rural
48469,27,Mostly Urban
48471,49.5,Mostly Urban
48473,67.5,Mostly Rural
48475,29.59,Mostly Urban
48477,59.04,Mostly Rural
48491,11.89,Mostly Urban
48487,22.21,Mostly Urban
48489,41.41,Mostly Urban
48481,50.59,Mostly Rural
48483,100,Rural
48485,8.15,Mostly Urban
48503,36.48,Mostly Urban
48493,87.22,Mostly Rural
48495,17.48,Mostly Urban
48497,74.46,Mostly Rural
48499,76.61,Mostly Rural
48501,39.46,Mostly Urban
48505,35.64,Mostly Urban
48507,39.62,Mostly Urban
49001,59.8,Mostly Rural
49003,31.6,Mostly Urban
49007,38.92,Mostly Urban
49009,100,Rural
49023,45.69,Mostly Urban
49011,0.87,Mostly Urban
49005,15.92,Mostly Urban
49013,78.77,Mostly Rural
49015,74.11,Mostly Rural
49017,100,Rural
49019,34.63,Mostly Urban
49021,33.23,Mostly Urban
49039,53.99,Mostly Rural
49025,74.89,Mostly Rural
49027,75.5,Mostly Rural
49033,100,Rural
49029,61.71,Mostly Rural
49031,100,Rural
49035,1.27,Mostly Urban
49037,81.53,Mostly Rural
49041,67.66,Mostly Rural
21139,95.85,Mostly Rural
21163,83.85,Mostly Rural
51059,1.31,Mostly Urban
51061,60.3,Mostly Rural
51063,100,Rural
51065,60.47,Mostly Rural
51067,90.23,Mostly Rural
51069,46.66,Mostly Urban
21141,73.63,Mostly Rural
21143,100,Rural
21145,25.37,Mostly Urban
21153,100,Rural
21155,68.32,Mostly Rural
21157,86.73,Mostly Rural
21147,100,Rural
21149,100,Rural
21151,37.97,Mostly Urban
21159,100,Rural
21161,52.05,Mostly Rural
21179,56.14,Mostly Rural
21165,100,Rural
21167,58.26,Mostly Rural
21169,100,Rural
21171,100,Rural
21173,56.81,Mostly Rural
21175,100,Rural
21177,66.64,Mostly Rural
21189,100,Rural
21181,100,Rural
21183,73.59,Mostly Rural
21185,22.24,Mostly Urban
21191,100,Rural
21187,100,Rural
21207,100,Rural
21193,73.15,Mostly Rural
21195,87.96,Mostly Rural
21197,67.15,Mostly Rural
21199,56.72,Mostly Rural
21201,100,Rural
21203,83.33,Mostly Rural
21205,73.62,Mostly Rural
21219,100,Rural
21209,32.43,Mostly Urban
21211,48.26,Mostly Urban
21213,43.73,Mostly Urban
21215,100,Rural
21217,51.6,Mostly Rural
21239,37.35,Mostly Urban
21221,82.25,Mostly Rural
21223,94.43,Mostly Rural
21225,71.42,Mostly Rural
21227,31,Mostly Urban
21229,100,Rural
21231,71.76,Mostly Rural
21233,100,Rural
21235,64.86,Mostly Rural
22001,49.48,Mostly Urban
21237,100,Rural
41061,43.07,Mostly Urban
41063,100,Rural
42007,23.59,Mostly Urban
22007,47.97,Mostly Urban
22003,74.6,Mostly Rural
22005,14.15,Mostly Urban
22011,67.67,Mostly Rural
41065,37.53,Mostly Urban
41067,5.44,Mostly Urban
41069,100,Rural
41071,24.11,Mostly Urban
42001,54.87,Mostly Rural
21023,100,Rural
21037,13.69,Mostly Urban
21029,30.46,Mostly Urban
21031,100,Rural
21033,53.59,Mostly Rural
21039,100,Rural
21035,51.1,Mostly Rural
21055,71.07,Mostly Rural
21041,52.47,Mostly Rural
21043,80.74,Mostly Rural
21045,100,Rural
21047,30.87,Mostly Urban
21049,27.24,Mostly Urban
21051,84.99,Mostly Rural
21053,100,Rural
21067,3.02,Mostly Urban
21057,100,Rural
21059,24.86,Mostly Urban
21061,100,Rural
21063,100,Rural
21065,74.49,Mostly Rural
21083,68.37,Mostly Rural
21069,78.24,Mostly Rural
21071,83.41,Mostly Rural
21073,25.04,Mostly Urban
21077,100,Rural
21075,61.21,Mostly Rural
21079,76.52,Mostly Rural
21081,67.34,Mostly Rural
21095,53.7,Mostly Rural
21085,79.03,Mostly Rural
21087,100,Rural
21089,38.97,Mostly Urban
21091,88.94,Mostly Rural
21093,33.78,Mostly Urban
21117,6.35,Mostly Urban
21097,63.62,Mostly Rural
21099,87.21,Mostly Rural
21101,35.7,Mostly Urban
21103,100,Rural
21105,100,Rural
21107,45.67,Mostly Urban
21109,100,Rural
21111,1.27,Mostly Urban
21115,72.11,Mostly Rural
21113,26.76,Mostly Urban
21129,100,Rural
21119,100,Rural
21121,62.11,Mostly Rural
21123,76.28,Mostly Rural
21125,55.8,Mostly Rural
21127,76.86,Mostly Rural
40103,52.84,Mostly Rural
40121,58.28,Mostly Rural
21131,100,Rural
21133,100,Rural
21135,100,Rural
21137,81.48,Mostly Rural
40105,56.4,Mostly Rural
40107,72.68,Mostly Rural
40109,5.71,Mostly Urban
40111,47.11,Mostly Urban
40113,62.06,Mostly Rural
40115,50.48,Mostly Rural
40119,33.85,Mostly Urban
40117,81.16,Mostly Rural
40137,42.5,Mostly Urban
40123,51.27,Mostly Rural
40125,48.24,Mostly Urban
40127,100,Rural
40129,100,Rural
40131,50.85,Mostly Rural
40133,64.27,Mostly Rural
40135,67,Mostly Rural
40149,75.12,Mostly Rural
40139,48.43,Mostly Urban
40141,52.02,Mostly Rural
40143,4.37,Mostly Urban
40145,40.32,Mostly Urban
40147,22.56,Mostly Urban
41017,35.31,Mostly Urban
40151,41.58,Mostly Urban
40153,38.85,Mostly Urban
41001,49.04,Mostly Urban
41003,18.72,Mostly Urban
41005,17.97,Mostly Urban
41007,40.29,Mostly Urban
41009,44.56,Mostly Urban
41011,39.27,Mostly Urban
41013,52.13,Mostly Rural
41015,41.11,Mostly Urban
41019,41.63,Mostly Urban
41021,100,Rural
41023,100,Rural
41039,17.84,Mostly Urban
41025,44.95,Mostly Urban
41027,47.47,Mostly Urban
41029,20.31,Mostly Urban
41035,42.99,Mostly Urban
41037,65.51,Mostly Rural
41031,65.54,Mostly Rural
41033,45.56,Mostly Urban
41051,1.26,Mostly Urban
41041,36.18,Mostly Urban
41043,31.45,Mostly Urban
41045,45.76,Mostly Urban
41047,13.52,Mostly Urban
41049,54.75,Mostly Rural
49043,53.55,Mostly Rural
49045,19,Mostly Urban
49057,8.24,Mostly Urban
41053,20.12,Mostly Urban
41055,100,Rural
41057,80.76,Mostly Rural
41059,30.1,Mostly Urban
49047,46.09,Mostly Urban
49049,3.84,Mostly Urban
49051,41.71,Mostly Urban
49053,19.25,Mostly Urban
49055,100,Rural
50015,100,Rural
50001,84,Mostly Rural
50003,73.02,Mostly Rural
50005,77.46,Mostly Rural
50007,26.21,Mostly Urban
50009,100,Rural
50011,72.45,Mostly Rural
50013,100,Rural
50025,76.54,Mostly Rural
50017,97.31,Mostly Rural
50019,88.6,Mostly Rural
50021,66.65,Mostly Rural
50027,79.95,Mostly Rural
50023,56.98,Mostly Rural
51025,88.27,Mostly Rural
51027,100,Rural
51023,66.82,Mostly Rural
51001,100,Rural
51003,46.71,Mostly Urban
51005,52.54,Mostly Rural
51007,100,Rural
51009,66.08,Mostly Rural
51011,100,Rural
51013,0,Mostly Urban
51017,100,Rural
51021,100,Rural
51015,67.87,Mostly Rural
51019,80.89,Mostly Rural
51043,70.51,Mostly Rural
51029,100,Rural
51031,60.88,Mostly Rural
51036,100,Rural
51033,78.54,Mostly Rural
51035,97.45,Mostly Rural
51037,100,Rural
51041,5.79,Mostly Urban
51057,78.62,Mostly Rural
51045,100,Rural
51047,60.45,Mostly Rural
51049,95.5,Mostly Rural
51051,100,Rural
51053,73.6,Mostly Rural
20181,23.51,Mostly Urban
20183,100,Rural
20185,100,Rural
20209,5.92,Mostly Urban
20189,32,Mostly Urban
20191,61.55,Mostly Rural
20193,30.29,Mostly Urban
20195,100,Rural
20197,100,Rural
20199,100,Rural
20201,100,Rural
20203,100,Rural
20207,100,Rural
20205,73.47,Mostly Rural
21011,100,Rural
21003,78.03,Mostly Rural
21007,100,Rural
21013,60.57,Mostly Rural
21005,41.22,Mostly Urban
21001,77.81,Mostly Rural
21009,61.08,Mostly Rural
21015,13.22,Mostly Urban
21019,23.41,Mostly Urban
21021,33.59,Mostly Urban
21017,43.96,Mostly Urban
39167,54.84,Mostly Rural
40011,71.67,Mostly Rural
21025,80.24,Mostly Rural
21027,100,Rural
39169,45.94,Mostly Urban
39171,61.41,Mostly Rural
39173,28.59,Mostly Urban
39175,54.2,Mostly Rural
40001,82.66,Mostly Rural
40003,100,Rural
40007,100,Rural
40005,100,Rural
40009,35.33,Mostly Urban
40013,62.58,Mostly Rural
40015,81.11,Mostly Rural
40023,67.05,Mostly Rural
40025,100,Rural
40029,100,Rural
40031,20.46,Mostly Urban
40021,62.75,Mostly Rural
40045,100,Rural
40017,22.52,Mostly Urban
40019,54.77,Mostly Rural
40027,15.37,Mostly Urban
40033,60.48,Mostly Rural
40035,61.11,Mostly Rural
40037,53.32,Mostly Rural
40039,32.19,Mostly Urban
40041,82.62,Mostly Rural
40047,21.45,Mostly Urban
40043,100,Rural
40059,100,Rural
40049,66.73,Mostly Rural
40051,62.18,Mostly Rural
40053,100,Rural
40055,45.62,Mostly Urban
40057,100,Rural
40075,64.42,Mostly Rural
55045,57.56,Mostly Rural
55047,78.99,Mostly Rural
55049,80.19,Mostly Rural
55051,78.83,Mostly Rural
55053,77.03,Mostly Rural
17039,47.91,Mostly Urban
17041,59.68,Mostly Rural
17057,62.9,Mostly Rural
34021,3.34,Mostly Urban
34023,0.68,Mostly Urban
34025,3.3,Mostly Urban
26125,4.13,Mostly Urban
55057,86.5,Mostly Rural
55059,10.57,Mostly Urban
26111,41.06,Mostly Urban
26113,100,Rural
26115,35.74,Mostly Urban
26117,84.87,Mostly Rural
26119,100,Rural
26121,22.93,Mostly Urban
26123,84.02,Mostly Rural
26137,70.67,Mostly Rural
26127,93.06,Mostly Rural
26129,100,Rural
26131,100,Rural
26133,100,Rural
26135,100,Rural
26153,69.03,Mostly Rural
26139,19.56,Mostly Urban
26141,85.8,Mostly Rural
26143,64.83,Mostly Rural
26145,29.58,Mostly Urban
26147,35.8,Mostly Urban
26149,56.2,Mostly Rural
26151,86.8,Mostly Rural
26163,0.62,Mostly Urban
26155,53.74,Mostly Rural
26157,83.67,Mostly Rural
26159,70.45,Mostly Rural
26165,65.17,Mostly Rural
26161,15.29,Mostly Urban
27013,27.81,Mostly Urban
27015,35.08,Mostly Urban
27011,100,Rural
27001,100,Rural
27003,12.65,Mostly Urban
27007,69.73,Mostly Rural
27005,77.18,Mostly Rural
27009,36.73,Mostly Urban
27027,28.57,Mostly Urban
27017,59.31,Mostly Rural
27019,18.47,Mostly Urban
27021,100,Rural
27023,48.35,Mostly Urban
27025,55.45,Mostly Rural
27043,77.5,Mostly Rural
27029,100,Rural
27031,100,Rural
27033,62.1,Mostly Rural
27035,72.87,Mostly Rural
27037,4.59,Mostly Urban
27039,52.23,Mostly Rural
27041,56.77,Mostly Rural
47057,100,Rural
47065,9.58,Mostly Urban
47073,58.81,Mostly Rural
34027,6.28,Mostly Urban
34029,2.54,Mostly Urban
17043,0.04,Mostly Urban
17045,50.56,Mostly Rural
17053,41.52,Mostly Urban
17055,47.37,Mostly Urban
17047,100,Rural
17049,57.19,Mostly Rural
17051,70.08,Mostly Rural
17069,100,Rural
17059,100,Rural
17061,69.57,Mostly Rural
17063,25.4,Mostly Urban
17065,66.69,Mostly Rural
17067,71.86,Mostly Rural
17091,25.97,Mostly Urban
17071,99.71,Mostly Rural
17073,49.47,Mostly Urban
17075,71.86,Mostly Rural
17077,35.37,Mostly Urban
17079,67.53,Mostly Rural
17081,53.44,Mostly Rural
17083,59.62,Mostly Rural
17085,76.59,Mostly Rural
17087,100,Rural
17089,3.81,Mostly Urban
17099,27.86,Mostly Urban
17101,49.25,Mostly Urban
17103,54.87,Mostly Rural
17113,16.78,Mostly Urban
17093,11.15,Mostly Urban
17095,26.43,Mostly Urban
17097,1.48,Mostly Urban
17105,42.37,Mostly Urban
17107,44.6,Mostly Urban
17109,31.48,Mostly Urban
17111,10.35,Mostly Urban
17125,78.27,Mostly Rural
17115,14.21,Mostly Urban
17117,58.33,Mostly Rural
17119,12.23,Mostly Urban
17121,42.83,Mostly Urban
17123,100,Rural
17141,47.5,Mostly Urban
17127,47.88,Mostly Urban
17129,73.35,Mostly Rural
17131,77.11,Mostly Rural
17137,37.33,Mostly Urban
17139,65.88,Mostly Rural
17133,40.97,Mostly Urban
17135,44.27,Mostly Urban
17149,74.64,Mostly Rural
17143,13.28,Mostly Urban
17145,47.05,Mostly Urban
17147,66.45,Mostly Rural
42003,2.21,Mostly Urban
42005,65.32,Mostly Rural
42009,82.91,Mostly Rural
42013,22.41,Mostly Urban
42011,23.82,Mostly Urban
42057,100,Rural
42015,72.72,Mostly Rural
42017,9.3,Mostly Urban
42025,49.05,Mostly Urban
42027,36.68,Mostly Urban
42029,12.79,Mostly Urban
42021,30.33,Mostly Urban
42023,67.88,Mostly Rural
42035,53.92,Mostly Rural
42039,65.25,Mostly Rural
42041,21.17,Mostly Urban
42043,12.22,Mostly Urban
42045,0.45,Mostly Urban
42047,61.26,Mostly Rural
42049,19.29,Mostly Urban
42051,47.67,Mostly Urban
42053,100,Rural
42055,38.34,Mostly Urban
42019,41.47,Mostly Urban
42031,80.33,Mostly Rural
42033,57.85,Mostly Rural
42037,43.37,Mostly Urban
42069,16.72,Mostly Urban
42059,70.33,Mostly Rural
42061,77.86,Mostly Rural
42063,60.84,Mostly Rural
42065,62.62,Mostly Rural
42067,82.58,Mostly Rural
42091,2.82,Mostly Urban
42071,18.02,Mostly Urban
42073,38.49,Mostly Urban
42075,25.55,Mostly Urban
42077,7.74,Mostly Urban
42079,19.55,Mostly Urban
42081,38.23,Mostly Urban
42087,48.06,Mostly Urban
42089,45.4,Mostly Urban
42083,65.84,Mostly Rural
42085,44.19,Mostly Urban
51071,67.18,Mostly Rural
51073,65.07,Mostly Rural
51085,39.59,Mostly Urban
42093,49.92,Mostly Urban
42095,12.86,Mostly Urban
42097,31.63,Mostly Urban
42099,88.1,Mostly Rural
51077,99.9,Mostly Rural
51075,96.89,Mostly Rural
51079,55.32,Mostly Rural
51081,85.82,Mostly Rural
51083,77.87,Mostly Rural
51101,82.63,Mostly Rural
51087,4.19,Mostly Urban
51089,60.34,Mostly Rural
51091,100,Rural
47075,48.01,Mostly Urban
47095,100,Rural
27045,93.6,Mostly Rural
27047,41.37,Mostly Urban
27049,44.45,Mostly Urban
27057,87.46,Mostly Rural
27051,100,Rural
27053,1.87,Mostly Urban
47081,100,Rural
47083,100,Rural
47085,82.76,Mostly Rural
47087,100,Rural
47089,62.68,Mostly Rural
47091,85.44,Mostly Rural
47093,10.49,Mostly Urban
47071,71.94,Mostly Rural
47079,69.27,Mostly Rural
47117,64.13,Mostly Rural
47097,54.86,Mostly Rural
47099,73.09,Mostly Rural
47101,70,Mostly Rural
47103,71.54,Mostly Rural
47105,39.81,Mostly Urban
47107,58.35,Mostly Rural
47111,78.4,Mostly Rural
47109,84.87,Mostly Rural
47113,26.01,Mostly Urban
47115,77.01,Mostly Rural
47129,99.83,Mostly Rural
47119,38.96,Mostly Urban
47121,100,Rural
47123,76.61,Mostly Rural
47125,19.25,Mostly Urban
47127,99.9,Mostly Rural
47151,78.96,Mostly Rural
47131,60.6,Mostly Rural
47133,84.12,Mostly Rural
47135,100,Rural
47137,100,Rural
47139,100,Rural
47141,35.27,Mostly Urban
47143,71.12,Mostly Rural
47145,51.03,Mostly Rural
47149,16.57,Mostly Urban
47147,52.88,Mostly Rural
47163,25.31,Mostly Urban
47153,75.25,Mostly Rural
47155,64.97,Mostly Rural
47157,2.5,Mostly Urban
47159,82.34,Mostly Rural
47161,100,Rural
47175,100,Rural
47177,59.96,Mostly Rural
47185,77.66,Mostly Rural
55061,68.38,Mostly Rural
55071,36.55,Mostly Urban
47165,27.47,Mostly Urban
47167,55.89,Mostly Rural
47169,100,Rural
47171,46.65,Mostly Urban
47173,100,Rural
55067,68.32,Mostly Rural
51093,57.9,Mostly Rural
51095,14.82,Mostly Urban
51097,100,Rural
51099,74.2,Mostly Rural
51113,100,Rural
51103,100,Rural
51105,99.49,Mostly Rural
51107,13.33,Mostly Urban
51109,100,Rural
51111,100,Rural
51133,100,Rural
51115,100,Rural
51117,81.35,Mostly Rural
51119,100,Rural
51121,26.66,Mostly Urban
51125,100,Rural
51127,100,Rural
51131,100,Rural
51145,99.46,Mostly Rural
51135,59.05,Mostly Rural
51137,56.06,Mostly Rural
51139,80.83,Mostly Rural
51143,86.94,Mostly Rural
51141,100,Rural
51159,100,Rural
51147,70.26,Mostly Rural
51149,63.85,Mostly Rural
51153,4.47,Mostly Urban
51155,49.23,Mostly Urban
51157,100,Rural
51175,97.87,Mostly Rural
51161,18.21,Mostly Urban
51163,92.1,Mostly Rural
51165,61.64,Mostly Rural
51167,87.64,Mostly Rural
51169,81.84,Mostly Rural
51171,68.84,Mostly Rural
51173,75.37,Mostly Rural
51187,51.81,Mostly Rural
51177,33.92,Mostly Urban
51179,20.55,Mostly Urban
51181,100,Rural
51183,100,Rural
51185,50.9,Mostly Rural
55069,62.17,Mostly Rural
55063,15.73,Mostly Urban
55065,100,Rural
55081,55.88,Mostly Rural
55073,40.96,Mostly Urban
55075,74.13,Mostly Rural
55077,100,Rural
55078,100,Rural
55079,0.19,Mostly Urban
55093,56.21,Mostly Rural
55083,86.31,Mostly Rural
55085,84.53,Mostly Rural
55087,22.57,Mostly Urban
55089,23.53,Mostly Urban
55091,100,Rural
55109,50.05,Mostly Rural
55095,87.26,Mostly Rural
55097,37.05,Mostly Urban
55099,100,Rural
55101,11.63,Mostly Urban
55103,71.41,Mostly Rural
55105,19.7,Mostly Urban
55107,81.08,Mostly Rural
55131,28.77,Mostly Urban
55111,46.25,Mostly Urban
55113,91.41,Mostly Rural
55115,74.05,Mostly Rural
55117,26.43,Mostly Urban
55119,81.25,Mostly Rural
55121,90.21,Mostly Rural
55125,100,Rural
55123,84.64,Mostly Rural
55127,37.1,Mostly Urban
55129,90.13,Mostly Rural
56001,17.41,Mostly Urban
55133,9.19,Mostly Urban
55135,65.46,Mostly Rural
55137,91.83,Mostly Rural
55139,13.61,Mostly Urban
55141,34.19,Mostly Urban
56023,82.94,Mostly Rural
56003,100,Rural
56005,28.3,Mostly Urban
56007,53.47,Mostly Rural
56009,56.22,Mostly Rural
56011,100,Rural
56013,52.14,Mostly Rural
56015,45.24,Mostly Urban
56017,30.98,Mostly Urban
56019,53.7,Mostly Rural
56021,18.4,Mostly Urban
13121,0.95,Mostly Urban
13149,100,Rural
56025,15.17,Mostly Urban
56027,100,Rural
13123,90.26,Mostly Rural
13125,100,Rural
13133,86.57,Mostly Rural
13135,0.49,Mostly Urban
13127,22.21,Mostly Urban
13131,63.79,Mostly Rural
13139,22.49,Mostly Urban
22009,68.17,Mostly Rural
22013,84.61,Mostly Rural
22023,100,Rural
22015,24.9,Mostly Urban
22017,14.26,Mostly Urban
22019,19.54,Mostly Urban
22021,100,Rural
22035,37.33,Mostly Urban
22025,100,Rural
22027,80.43,Mostly Rural
22029,43.82,Mostly Urban
22031,77.8,Mostly Rural
22033,6.28,Mostly Urban
22057,24.26,Mostly Urban
22037,100,Rural
13141,79.79,Mostly Rural
13143,77.52,Mostly Rural
13145,96.69,Mostly Rural
13147,76.84,Mostly Rural
13171,62.95,Mostly Rural
13151,13.44,Mostly Urban
13153,9.73,Mostly Urban
13155,70.07,Mostly Rural
13159,82.09,Mostly Rural
13161,69.11,Mostly Rural
13163,82.56,Mostly Rural
13165,66.88,Mostly Rural
13167,79.42,Mostly Rural
13169,68.43,Mostly Rural
13129,52.13,Mostly Rural
13137,64.35,Mostly Rural
13157,60.54,Mostly Rural
13193,60.81,Mostly Rural
13173,71.71,Mostly Rural
13175,56.89,Mostly Rural
13177,37.75,Mostly Urban
13179,25.85,Mostly Urban
13181,100,Rural
13183,81.21,Mostly Rural
13185,27.23,Mostly Urban
13187,87.77,Mostly Rural
13189,60.75,Mostly Rural
13191,79.99,Mostly Rural
13207,80.79,Mostly Rural
13195,91.94,Mostly Rural
13197,100,Rural
13199,82.68,Mostly Rural
13201,100,Rural
13205,60.2,Mostly Rural
13219,49.41,Mostly Urban
13209,98.88,Mostly Rural
13211,74.67,Mostly Rural
13213,70.25,Mostly Rural
13215,2.56,Mostly Urban
13217,31.74,Mostly Urban
27055,58.3,Mostly Rural
27059,62.03,Mostly Rural
27061,84.14,Mostly Rural
27071,54.72,Mostly Rural
13221,99.06,Mostly Rural
13223,20.68,Mostly Urban
13231,99.15,Mostly Rural
13233,50.96,Mostly Rural
13225,38.99,Mostly Urban
13227,75.62,Mostly Rural
13229,78.19,Mostly Rural
27063,68.52,Mostly Rural
27065,78.16,Mostly Rural
27067,46.78,Mostly Urban
27069,100,Rural
27083,49.27,Mostly Urban
27073,100,Rural
27075,77.37,Mostly Rural
27077,100,Rural
27079,64.71,Mostly Rural
27081,100,Rural
27095,72.9,Mostly Rural
22039,58.61,Mostly Rural
22041,75.01,Mostly Rural
22049,69.31,Mostly Rural
22051,1.84,Mostly Urban
22043,97.43,Mostly Rural
22045,27.88,Mostly Urban
22047,56.49,Mostly Rural
22053,49.39,Mostly Urban
22055,7.86,Mostly Urban
22069,54.64,Mostly Rural
22059,75.44,Mostly Rural
22061,43.37,Mostly Urban
22063,42.63,Mostly Urban
22065,29.73,Mostly Urban
22067,52.03,Mostly Rural
22091,100,Rural
22071,0.5,Mostly Urban
22073,23.37,Mostly Urban
22075,23.87,Mostly Urban
22077,54.89,Mostly Rural
22079,39.47,Mostly Urban
22081,100,Rural
22083,66.19,Mostly Rural
22085,91.67,Mostly Rural
22089,10.26,Mostly Urban
22087,6.25,Mostly Urban
22103,23.66,Mostly Urban
22093,28.41,Mostly Urban
22095,14.45,Mostly Urban
22097,48.25,Mostly Urban
22099,52.36,Mostly Rural
22101,13.81,Mostly Urban
22119,53.72,Mostly Rural
22105,41.63,Mostly Urban
22107,100,Rural
22109,21.06,Mostly Urban
22111,85.51,Mostly Rural
22113,54.96,Mostly Rural
22115,54.06,Mostly Rural
22117,65.21,Mostly Rural
42101,0,Mostly Urban
42103,77.44,Mostly Rural
42129,24.95,Mostly Urban
22127,65.12,Mostly Rural
42105,100,Rural
42107,35.61,Mostly Urban
42109,67.57,Mostly Rural
42111,75.26,Mostly Rural
42113,100,Rural
42115,85.76,Mostly Rural
42117,93.59,Mostly Rural
42119,50.91,Mostly Rural
42121,57.37,Mostly Rural
42123,61.4,Mostly Rural
42125,29.94,Mostly Urban
42131,84.8,Mostly Rural
42127,89.84,Mostly Rural
45009,59.49,Mostly Rural
42133,24.35,Mostly Urban
44001,1.23,Mostly Urban
27085,44.68,Mostly Urban
27087,100,Rural
27089,100,Rural
27091,53.01,Mostly Rural
27093,67.17,Mostly Rural
27115,90.74,Mostly Rural
27097,73.79,Mostly Rural
27099,34.87,Mostly Urban
27101,100,Rural
27103,26,Mostly Urban
27105,45.39,Mostly Urban
27107,100,Rural
27109,15.49,Mostly Urban
27111,79.56,Mostly Rural
27117,55.21,Mostly Rural
27113,33.27,Mostly Urban
27133,48.97,Mostly Urban
27119,53.47,Mostly Rural
27121,100,Rural
27123,0.18,Mostly Urban
27125,100,Rural
27127,68.19,Mostly Rural
27129,100,Rural
27131,29.01,Mostly Urban
27145,37.9,Mostly Urban
27135,82.19,Mostly Rural
27137,43.26,Mostly Urban
27139,16.93,Mostly Urban
27141,43.42,Mostly Urban
27143,100,Rural
27157,64.57,Mostly Rural
27147,30.54,Mostly Urban
27149,49.3,Mostly Urban
27151,67.28,Mostly Rural
27153,81.2,Mostly Rural
27155,100,Rural
30049,32.92,Mostly Urban
30061,100,Rural
27159,68.97,Mostly Rural
27161,51.28,Mostly Rural
27163,14.33,Mostly Urban
27165,59.8,Mostly Rural
27167,49.45,Mostly Urban
30057,100,Rural
30059,100,Rural
30051,100,Rural
30053,81.94,Mostly Rural
30055,100,Rural
30073,52.2,Mostly Rural
30063,23.83,Mostly Urban
30065,100,Rural
30067,53.96,Mostly Rural
30069,100,Rural
30071,100,Rural
30089,100,Rural
30075,100,Rural
30077,48.7,Mostly Urban
30079,100,Rural
30081,82.88,Mostly Rural
30083,43.87,Mostly Urban
30085,45.78,Mostly Urban
30087,100,Rural
44003,6.44,Mostly Urban
44005,14.55,Mostly Urban
44007,5.08,Mostly Urban
44009,31.63,Mostly Urban
45001,77.97,Mostly Rural
45005,65.07,Mostly Rural
45007,38.06,Mostly Urban
45021,60.38,Mostly Rural
45011,82.36,Mostly Rural
45013,20.02,Mostly Urban
45015,31.57,Mostly Urban
45017,100,Rural
45019,12.91,Mostly Urban
45003,36.74,Mostly Urban
45037,79.04,Mostly Rural
45023,71.21,Mostly Rural
45025,74.62,Mostly Rural
45027,87.24,Mostly Rural
45033,69.73,Mostly Rural
45035,19.63,Mostly Urban
45029,78.16,Mostly Rural
45031,56.24,Mostly Rural
45049,77.19,Mostly Rural
45039,77.74,Mostly Rural
45041,37.87,Mostly Urban
45043,38.25,Mostly Urban
45045,12.63,Mostly Urban
45047,40.2,Mostly Urban
45065,100,Rural
45051,20.41,Mostly Urban
45053,73.19,Mostly Rural
45055,58.46,Mostly Rural
45057,48.53,Mostly Urban
45059,65.97,Mostly Rural
45061,77.98,Mostly Rural
45063,25.03,Mostly Urban
51550,6.45,Mostly Urban
45073,68.09,Mostly Rural
51191,71.13,Mostly Rural
51193,76.86,Mostly Rural
51195,57.45,Mostly Rural
51197,73.19,Mostly Rural
51199,8.71,Mostly Urban
51530,3.85,Mostly Urban
51540,0,Mostly Urban
51510,0,Mostly Urban
51515,2.57,Mostly Urban
51520,0.02,Mostly Urban
51610,0,Mostly Urban
51570,0,Mostly Urban
51580,0,Mostly Urban
51590,4.4,Mostly Urban
51595,6.04,Mostly Urban
51600,0,Mostly Urban
51690,0,Mostly Urban
51620,3.38,Mostly Urban
51630,0.94,Mostly Urban
51640,12.98,Mostly Urban
51650,0.26,Mostly Urban
30101,47.17,Mostly Urban
30091,100,Rural
30093,10.73,Mostly Urban
30095,100,Rural
30097,100,Rural
30099,100,Rural
31013,25.65,Mostly Urban
30103,100,Rural
30105,65.4,Mostly Rural
30107,100,Rural
30109,100,Rural
30111,15.39,Mostly Urban
31001,20.73,Mostly Urban
31009,100,Rural
31011,100,Rural
31015,100,Rural
31005,100,Rural
31003,100,Rural
31007,100,Rural
31017,100,Rural
31021,100,Rural
31023,68.79,Mostly Rural
31027,100,Rural
31025,73.08,Mostly Rural
31019,32.63,Mostly Urban
31039,64.22,Mostly Rural
31029,100,Rural
31031,55.02,Mostly Rural
31033,38.54,Mostly Urban
31035,100,Rural
31037,51.77,Mostly Rural
56029,46.81,Mostly Urban
13235,63,Mostly Rural
13257,59.98,Mostly Rural
31041,69.12,Mostly Rural
31043,23.82,Mostly Urban
31045,44.03,Mostly Urban
31047,31.28,Mostly Urban
56031,60.81,Mostly Rural
56033,37.24,Mostly Urban
56035,100,Rural
56037,12.64,Mostly Urban
56039,57.02,Mostly Rural
56041,42.81,Mostly Urban
56045,53.18,Mostly Rural
56043,35.46,Mostly Urban
51660,0,Mostly Urban
51670,0,Mostly Urban
51678,0,Mostly Urban
51680,2.72,Mostly Urban
51685,0,Mostly Urban
51683,0,Mostly Urban
51740,0,Mostly Urban
51700,0.03,Mostly Urban
51710,0,Mostly Urban
51720,2.78,Mostly Urban
51730,1.99,Mostly Urban
51735,6.56,Mostly Urban
51820,2.35,Mostly Urban
51750,3.17,Mostly Urban
51760,0,Mostly Urban
51770,0.01,Mostly Urban
51775,0,Mostly Urban
51790,4.03,Mostly Urban
51800,22.7,Mostly Urban
51810,1.59,Mostly Urban
53017,31.84,Mostly Urban
53003,7.83,Mostly Urban
53007,35.21,Mostly Urban
53005,9.64,Mostly Urban
51830,0,Mostly Urban
51840,0,Mostly Urban
53001,49.73,Mostly Urban
53009,35.65,Mostly Urban
53011,12.5,Mostly Urban
53013,40.31,Mostly Urban
53015,27.75,Mostly Urban
53019,100,Rural
53021,13.9,Mostly Urban
53023,100,Rural
13237,85,Mostly Rural
13239,76.75,Mostly Rural
13241,86.81,Mostly Rural
13243,54.97,Mostly Rural
13245,8.28,Mostly Urban
13247,14.73,Mostly Urban
13249,100,Rural
13251,79.37,Mostly Rural
13253,74.53,Mostly Rural
13255,40.8,Mostly Urban
13275,45.26,Mostly Urban
13259,100,Rural
13261,44.96,Mostly Urban
13263,94.29,Mostly Rural
13271,60.19,Mostly Rural
13273,54.14,Mostly Rural
13265,100,Rural
13267,72.43,Mostly Rural
13269,100,Rural
13291,100,Rural
13277,40.88,Mostly Urban
13279,51.14,Mostly Rural
13281,100,Rural
13283,62,Mostly Rural
13285,43.96,Mostly Urban
13287,49.49,Mostly Urban
13289,100,Rural
13303,62.88,Mostly Rural
23001,42.01,Mostly Urban
23003,82.51,Mostly Rural
23009,92.1,Mostly Rural
22121,29.82,Mostly Urban
22123,100,Rural
22125,100,Rural
23005,39.15,Mostly Urban
23007,89.29,Mostly Rural
23025,84.13,Mostly Rural
23011,63.72,Mostly Rural
23013,69.54,Mostly Rural
23015,100,Rural
23017,85.32,Mostly Rural
23019,60.1,Mostly Rural
23021,100,Rural
23023,63.1,Mostly Rural
24017,30.07,Mostly Urban
23027,90.74,Mostly Rural
23029,94.28,Mostly Rural
23031,55.68,Mostly Rural
24001,26.84,Mostly Urban
24003,5.28,Mostly Urban
24005,5.96,Mostly Urban
24015,43.08,Mostly Urban
24013,39.27,Mostly Urban
24009,36.24,Mostly Urban
13293,46.11,Mostly Urban
13295,42.38,Mostly Urban
13297,42.58,Mostly Urban
13299,27.73,Mostly Urban
13301,100,Rural
13319,100,Rural
13311,87.38,Mostly Rural
13313,30.1,Mostly Urban
13305,61.46,Mostly Rural
13307,100,Rural
13309,100,Rural
13315,100,Rural
13317,67.58,Mostly Rural
15009,16.38,Mostly Urban
13321,70.22,Mostly Rural
15001,42.08,Mostly Urban
15003,0.88,Mostly Urban
15005,100,Rural
15007,17.54,Mostly Urban
27173,80.63,Mostly Rural
16007,100,Rural
16009,73.93,Mostly Rural
16001,3.78,Mostly Urban
16003,100,Rural
16005,15.98,Mostly Urban
16011,54.73,Mostly Rural
16013,42.09,Mostly Urban
27169,33.61,Mostly Urban
27171,35.79,Mostly Urban
28011,54.57,Mostly Rural
28001,32.43,Mostly Urban
28003,64.31,Mostly Rural
28005,100,Rural
28007,67.23,Mostly Rural
28009,100,Rural
28027,32.78,Mostly Urban
28013,100,Rural
28015,100,Rural
28017,85.24,Mostly Rural
28019,100,Rural
28021,100,Rural
28023,100,Rural
28025,57.15,Mostly Rural
28055,100,Rural
28029,67.42,Mostly Rural
28031,100,Rural
28033,20.2,Mostly Urban
28069,100,Rural
28065,100,Rural
28035,28.35,Mostly Urban
28037,100,Rural
28039,89.46,Mostly Rural
28041,100,Rural
28043,51.85,Mostly Rural
28045,39.27,Mostly Urban
28047,20.58,Mostly Urban
28049,14.63,Mostly Urban
28051,86.79,Mostly Rural
28053,54.06,Mostly Rural
28063,100,Rural
28067,62.75,Mostly Rural
28071,44.94,Mostly Urban
24011,75.46,Mostly Rural
24029,76.41,Mostly Rural
24019,56.52,Mostly Rural
24021,24.67,Mostly Urban
24023,87.72,Mostly Rural
24025,17.63,Mostly Urban
24027,8.2,Mostly Urban
24045,26.78,Mostly Urban
24031,2.22,Mostly Urban
24033,1.99,Mostly Urban
24035,54.73,Mostly Rural
24037,50.65,Mostly Rural
24039,58.18,Mostly Rural
24041,59.07,Mostly Rural
24043,28.58,Mostly Urban
25005,9.31,Mostly Urban
24047,16.3,Mostly Urban
24510,0,Mostly Urban
25001,11.6,Mostly Urban
25007,50.09,Mostly Rural
25003,36.89,Mostly Urban
25023,10.24,Mostly Urban
25009,4.19,Mostly Urban
25011,54.63,Mostly Rural
25013,8.72,Mostly Urban
25015,29.91,Mostly Urban
25017,2.73,Mostly Urban
25019,37.84,Mostly Urban
25021,1.1,Mostly Urban
45075,65.4,Mostly Rural
45077,38.01,Mostly Urban
45089,81.24,Mostly Rural
25025,0,Mostly Urban
45067,60.3,Mostly Rural
45069,60.59,Mostly Rural
45071,70.65,Mostly Rural
45079,9.08,Mostly Urban
45081,84.21,Mostly Rural
45083,26.71,Mostly Urban
45085,31.56,Mostly Urban
45087,63.48,Mostly Rural
46007,100,Rural
45091,22.62,Mostly Urban
46003,100,Rural
46011,32.53,Mostly Urban
46015,100,Rural
46013,27.49,Mostly Urban
46005,27.29,Mostly Urban
46009,100,Rural
46027,28.99,Mostly Urban
46017,100,Rural
46019,48.78,Mostly Urban
46021,100,Rural
46025,100,Rural
46023,100,Rural
46043,100,Rural
46029,20.39,Mostly Urban
46031,100,Rural
46033,100,Rural
46035,21.16,Mostly Urban
28073,47.82,Mostly Urban
28095,69.14,Mostly Rural
28057,88.18,Mostly Rural
28059,25.26,Mostly Urban
28061,100,Rural
28099,72.64,Mostly Rural
28103,76.6,Mostly Rural
28075,45.71,Mostly Urban
28077,100,Rural
28079,83.88,Mostly Rural
28081,44.37,Mostly Urban
28083,21.21,Mostly Urban
28085,69.21,Mostly Rural
28087,41.29,Mostly Urban
28089,27.41,Mostly Urban
28091,73.76,Mostly Rural
28093,85.98,Mostly Rural
28097,62.44,Mostly Rural
28101,86.9,Mostly Rural
28105,37.85,Mostly Urban
31049,100,Rural
31051,100,Rural
31067,43.11,Mostly Urban
31053,28.26,Mostly Urban
31055,2.29,Mostly Urban
31063,100,Rural
31065,100,Rural
31057,100,Rural
31059,100,Rural
31061,100,Rural
31079,15.39,Mostly Urban
31069,100,Rural
31071,100,Rural
31073,100,Rural
31075,100,Rural
31077,100,Rural
31095,45.56,Mostly Urban
31081,51.29,Mostly Rural
31083,100,Rural
31085,100,Rural
31087,100,Rural
31089,65.98,Mostly Rural
31091,100,Rural
31093,100,Rural
31107,100,Rural
31097,100,Rural
31099,53.22,Mostly Rural
31101,59.02,Mostly Rural
31103,100,Rural
31105,100,Rural
31129,100,Rural
31109,7.55,Mostly Urban
31111,29.83,Mostly Urban
31113,100,Rural
31115,100,Rural
31117,100,Rural
31119,26.84,Mostly Urban
31121,59.36,Mostly Rural
31123,100,Rural
31127,50.2,Mostly Rural
31125,100,Rural
31141,30.44,Mostly Urban
46037,100,Rural
46039,100,Rural
46041,65.03,Mostly Rural
46065,23.78,Mostly Urban
46045,100,Rural
46047,56.26,Mostly Rural
46049,100,Rural
46051,52.98,Mostly Rural
46053,100,Rural
46055,100,Rural
46061,100,Rural
46063,100,Rural
46057,100,Rural
46059,100,Rural
46077,100,Rural
46067,100,Rural
46069,100,Rural
46071,100,Rural
46073,100,Rural
46075,100,Rural
46089,100,Rural
46079,50.84,Mostly Rural
46081,41.05,Mostly Urban
46083,28.76,Mostly Urban
46085,100,Rural
46087,100,Rural
53039,61.79,Mostly Rural
53025,44.27,Mostly Urban
53027,40.62,Mostly Urban
53029,52.76,Mostly Rural
53031,60.44,Mostly Rural
53033,3.14,Mostly Urban
53035,16.58,Mostly Urban
53041,62.38,Mostly Rural
53037,49.29,Mostly Urban
53057,32.44,Mostly Urban
53043,100,Rural
53045,73.51,Mostly Rural
53047,84,Mostly Rural
53049,63.14,Mostly Rural
53051,87.59,Mostly Rural
53053,6.95,Mostly Urban
53055,100,Rural
53069,100,Rural
53059,100,Rural
53061,11.25,Mostly Urban
53063,12.99,Mostly Urban
53065,82.26,Mostly Rural
53067,20.7,Mostly Urban
54013,100,Rural
53077,23.75,Mostly Urban
53075,31.19,Mostly Urban
54001,84.04,Mostly Rural
53071,17.3,Mostly Urban
53073,26.24,Mostly Urban
54005,80.8,Mostly Rural
54003,31.78,Mostly Urban
54007,100,Rural
54011,19.83,Mostly Urban
54009,38.02,Mostly Urban
54029,29.26,Mostly Urban
31131,54.76,Mostly Rural
31133,100,Rural
31135,100,Rural
31137,39.43,Mostly Urban
31139,100,Rural
31157,31,Mostly Urban
31143,100,Rural
31145,30.64,Mostly Urban
31147,51.58,Mostly Rural
31149,100,Rural
31151,58.64,Mostly Rural
31153,5.45,Mostly Urban
31155,67.32,Mostly Rural
16015,100,Rural
16033,100,Rural
31163,100,Rural
54015,100,Rural
54017,100,Rural
54019,56.76,Mostly Rural
54021,80.28,Mostly Rural
54023,78.81,Mostly Rural
54025,69.7,Mostly Rural
54027,100,Rural
54041,68.33,Mostly Rural
54031,83.88,Mostly Rural
54033,35.22,Mostly Urban
54035,69.89,Mostly Rural
54037,49.81,Mostly Urban
54039,23.56,Mostly Urban
16021,75.11,Mostly Rural
16017,77.02,Mostly Rural
16019,13.6,Mostly Urban
16023,100,Rural
16025,100,Rural
16027,20.15,Mostly Urban
16029,60.66,Mostly Rural
16031,50.55,Mostly Rural
16049,82.49,Mostly Rural
16035,65.39,Mostly Rural
16037,100,Rural
16039,31.43,Mostly Urban
16041,65.48,Mostly Rural
16043,84.94,Mostly Rural
16045,43.72,Mostly Urban
16047,56.88,Mostly Rural
16061,100,Rural
16051,67.51,Mostly Rural
16053,50.81,Mostly Rural
16055,28.58,Mostly Urban
16057,37.05,Mostly Urban
16059,66.19,Mostly Rural
16083,27.24,Mostly Urban
16063,100,Rural
16065,29.08,Mostly Urban
16067,43.35,Mostly Urban
16069,19.47,Mostly Urban
16071,100,Rural
16079,56.14,Mostly Rural
16081,100,Rural
16073,80.09,Mostly Rural
16075,41.14,Mostly Urban
16077,44.84,Mostly Urban
17023,57.8,Mostly Rural
16085,100,Rural
16087,47.78,Mostly Urban
17001,31.09,Mostly Urban
17019,12.36,Mostly Urban
17021,43.28,Mostly Urban
17013,100,Rural
17017,56.24,Mostly Rural
17015,82.26,Mostly Rural
17003,56.39,Mostly Rural
17007,20.32,Mostly Urban
17005,67.23,Mostly Rural
17011,56.04,Mostly Rural
17009,59.5,Mostly Rural
25027,17.32,Mostly Urban
26001,98.09,Mostly Rural
26009,100,Rural
54043,100,Rural
54045,68.45,Mostly Rural
54047,86.1,Mostly Rural
54049,39.94,Mostly Urban
54051,48.86,Mostly Urban
54053,64.16,Mostly Rural
54059,87.2,Mostly Rural
54055,39.64,Mostly Urban
26005,63.57,Mostly Rural
26003,83.63,Mostly Rural
26007,55.54,Mostly Rural
26011,100,Rural
26013,100,Rural
26041,50.62,Mostly Rural
26015,75.39,Mostly Rural
26017,28.5,Mostly Urban
26019,100,Rural
26021,36.68,Mostly Urban
26023,70.06,Mostly Rural
26025,29.45,Mostly Urban
26027,73.19,Mostly Rural
26029,68.79,Mostly Rural
26031,87.86,Mostly Rural
26033,66.87,Mostly Rural
26035,77.82,Mostly Rural
26037,50.52,Mostly Rural
26039,84,Mostly Rural
26045,34.57,Mostly Urban
26043,38.12,Mostly Urban
26047,76.96,Mostly Rural
26063,91.89,Mostly Rural
26049,14.67,Mostly Urban
26051,91.95,Mostly Rural
26053,71.45,Mostly Rural
26055,46.93,Mostly Urban
26057,66.48,Mostly Rural
26059,69.87,Mostly Rural
26061,45.25,Mostly Urban
26075,42.11,Mostly Urban
26065,12.01,Mostly Urban
26067,64,Mostly Rural
26069,64.69,Mostly Rural
26071,79.25,Mostly Rural
26073,51.35,Mostly Rural
17035,100,Rural
17025,64.57,Mostly Rural
17027,46.13,Mostly Urban
17029,24.41,Mostly Urban
17031,0.04,Mostly Urban
17033,61.7,Mostly Rural
28143,71.46,Mostly Rural
17037,20.64,Mostly Urban
28107,79.4,Mostly Rural
28109,68.97,Mostly Rural
28111,100,Rural
28149,40.56,Mostly Urban
28153,78.93,Mostly Rural
28145,75.74,Mostly Rural
28141,100,Rural
28113,59.53,Mostly Rural
28115,84.08,Mostly Rural
28117,76.8,Mostly Rural
28119,59.24,Mostly Rural
28121,33.62,Mostly Urban
28123,74.81,Mostly Rural
28125,100,Rural
28127,86.3,Mostly Rural
28129,100,Rural
28131,80.52,Mostly Rural
28133,41.78,Mostly Urban
28135,78.32,Mostly Rural
28137,80.12,Mostly Rural
28139,83.67,Mostly Rural
28147,100,Rural
28151,17.84,Mostly Urban
28155,100,Rural
28157,100,Rural
29007,41.79,Mostly Urban
29025,100,Rural
29023,51.5,Mostly Rural
29027,65.08,Mostly Rural
29031,29.34,Mostly Urban
29029,71.69,Mostly Rural
29003,60.77,Mostly Rural
29001,40.36,Mostly Urban
29005,100,Rural
29009,76.3,Mostly Rural
28159,77.26,Mostly Rural
28161,81.15,Mostly Rural
28163,54.78,Mostly Rural
29019,18.47,Mostly Urban
29017,100,Rural
29021,13.17,Mostly Urban
29037,32.78,Mostly Urban
29013,75.98,Mostly Rural
29011,62.91,Mostly Rural
29015,89.89,Mostly Rural
29033,64.17,Mostly Rural
29035,100,Rural
29039,74.36,Mostly Rural
29043,44.4,Mostly Urban
29055,75.22,Mostly Rural
29045,100,Rural
29047,8.95,Mostly Urban
29049,76.13,Mostly Rural
29051,28.03,Mostly Urban
26091,54.81,Mostly Rural
26077,16.47,Mostly Urban
26079,89.34,Mostly Rural
26081,14.38,Mostly Urban
26083,100,Rural
26085,100,Rural
26087,76.07,Mostly Rural
26089,93.04,Mostly Rural
26109,68.42,Mostly Rural
26093,34.39,Mostly Urban
26095,74.67,Mostly Rural
26097,87.76,Mostly Rural
26099,2.5,Mostly Urban
26101,69.25,Mostly Rural
26103,50.8,Mostly Rural
26107,75.78,Mostly Rural
26105,66.87,Mostly Rural
46091,100,Rural
46093,39.27,Mostly Urban
46105,100,Rural
46097,100,Rural
46095,100,Rural
46099,12.22,Mostly Urban
46101,100,Rural
46103,22.93,Mostly Urban
46117,42.68,Mostly Urban
46107,100,Rural
46109,100,Rural
46111,100,Rural
46113,80.94,Mostly Rural
46115,100,Rural
46137,82.98,Mostly Rural
46119,100,Rural
46121,100,Rural
46123,50.52,Mostly Rural
46125,100,Rural
46127,61.56,Mostly Rural
46129,42.39,Mostly Urban
46135,34.62,Mostly Urban
47021,82.89,Mostly Rural
47007,100,Rural
47009,34.58,Mostly Urban
47011,32.43,Mostly Urban
47019,42.72,Mostly Urban
47017,83.79,Mostly Rural
47001,33.14,Mostly Urban
47003,56.3,Mostly Rural
47005,80.79,Mostly Rural
47013,58.51,Mostly Rural
47015,80.44,Mostly Rural
47033,68.08,Mostly Rural
47023,69.71,Mostly Rural
47025,72.9,Mostly Rural
47027,100,Rural
47029,68.54,Mostly Rural
47031,46.45,Mostly Urban
47045,41.62,Mostly Urban
47035,57.83,Mostly Rural
47037,3.29,Mostly Urban
47039,100,Rural
47041,80.71,Mostly Rural
29053,56.37,Mostly Rural
31175,100,Rural
31165,100,Rural
31167,77.52,Mostly Rural
31169,100,Rural
31171,100,Rural
31173,100,Rural
31159,61.06,Mostly Rural
31161,100,Rural
32003,1.47,Mostly Urban
31177,60.1,Mostly Rural
31179,46.08,Mostly Urban
31181,100,Rural
31183,100,Rural
31185,42.5,Mostly Urban
32005,39.67,Mostly Urban
32001,34.44,Mostly Urban
32017,100,Rural
32007,41.95,Mostly Urban
32009,100,Rural
32011,100,Rural
32013,40.69,Mostly Urban
32015,43.07,Mostly Urban
32510,4.92,Mostly Urban
32019,39.13,Mostly Urban
32021,34.17,Mostly Urban
32023,38.1,Mostly Urban
32027,100,Rural
32029,93.67,Mostly Rural
32031,4.33,Mostly Urban
32033,48.18,Mostly Urban
33011,20.02,Mostly Urban
33007,73.88,Mostly Rural
33009,78.67,Mostly Rural
33001,71.09,Mostly Rural
33003,92.01,Mostly Rural
33005,66.3,Mostly Rural
34007,1.65,Mostly Urban
33019,66.62,Mostly Rural
34001,10.81,Mostly Urban
33013,54.36,Mostly Rural
33015,22.62,Mostly Urban
33017,33.43,Mostly Urban
34003,0.09,Mostly Urban
34005,6.31,Mostly Urban
34019,48.14,Mostly Urban
34009,9.08,Mostly Urban
34011,22.08,Mostly Urban
34013,0.02,Mostly Urban
34015,8.33,Mostly Urban
34017,0,Mostly Urban
34031,2.58,Mostly Urban
47043,66.36,Mostly Rural
54057,63.4,Mostly Rural
54061,25.86,Mostly Urban
54063,89.67,Mostly Rural
54081,39.12,Mostly Urban
47047,79.78,Mostly Rural
47049,100,Rural
47051,69.18,Mostly Rural
47053,46.76,Mostly Urban
47055,72.13,Mostly Rural
47059,65.7,Mostly Rural
47061,100,Rural
47063,22.35,Mostly Urban
47067,100,Rural
47069,79.54,Mostly Rural
47077,76.07,Mostly Rural
54065,100,Rural
54067,87.12,Mostly Rural
54069,18.78,Mostly Urban
54071,100,Rural
54073,58.29,Mostly Rural
54075,100,Rural
54077,89.93,Mostly Rural
54079,35.93,Mostly Urban
54097,66.38,Mostly Rural
54083,63.61,Mostly Rural
54085,100,Rural
54087,79.64,Mostly Rural
54089,78.88,Mostly Rural
54091,59.49,Mostly Rural
54093,100,Rural
54095,92.28,Mostly Rural
54109,88.9,Mostly Rural
54099,63.14,Mostly Rural
54101,100,Rural
54103,54.42,Mostly Rural
54105,100,Rural
54107,25.14,Mostly Urban
55015,29.04,Mostly Urban
55011,100,Rural
55013,100,Rural
55007,100,Rural
55005,67.22,Mostly Rural
55009,13.35,Mostly Urban
55001,100,Rural
55003,64.25,Mostly Rural
55027,49.43,Mostly Urban
55017,47.67,Mostly Urban
55019,92.11,Mostly Rural
55021,61.96,Mostly Rural
55023,68.58,Mostly Rural
55025,11.11,Mostly Urban
55043,67.98,Mostly Rural
55029,80.42,Mostly Rural
55031,46.12,Mostly Urban
55033,61.19,Mostly Rural
55035,22.18,Mostly Urban
55037,100,Rural
55039,34.03,Mostly Urban
55041,100,Rural
55055,35.29,Mostly Urban
