Diagnosed Diabetes; Total; Adults with Diabetes; Age-Adjusted Percentage; U.S. States
Data downloaded on 20-May-2020
Year,State,Percentage,LowerLimit,UpperLimit
1994,Alabama,3.5,2.7,4.7
1994,Alaska,4.4,3,6.4
1994,Arizona,3.6,2.5,5.1
1994,Arkansas,5.3,4.3,6.7
1994,California,4.2,3.6,5
1994,Colorado,3.8,2.8,5
1994,Connecticut,4.8,3.8,5.9
1994,Delaware,5.8,4.8,7
1994,District of Columbia,4.5,3.4,6
1994,Florida,4.5,3.9,5.3
1994,Georgia,5.2,4.2,6.4
1994,Hawaii,4.3,3.3,5.7
1994,Idaho,4.3,3.4,5.4
1994,Illinois,5.4,4.4,6.6
1994,Indiana,4.5,3.7,5.5
1994,Iowa,3.8,3,4.6
1994,Kansas,4.2,3.1,5.5
1994,Kentucky,4.3,3.5,5.2
1994,Louisiana,5.3,4.2,6.7
1994,Maine,3.6,2.8,4.8
1994,Maryland,5.4,4.7,6.2
1994,Massachusetts,4.2,3.3,5.4
1994,Michigan,4.9,4,5.8
1994,Minnesota,4,3.4,4.7
1994,Mississippi,5.8,4.7,7.1
1994,Missouri,5.7,4.6,7
1994,Montana,2.3,1.7,3.3
1994,Nebraska,4.7,3.8,5.9
1994,Nevada,4.1,3.1,5.3
1994,New Hampshire,4.9,3.8,6.3
1994,New Jersey,4.1,3,5.7
1994,New Mexico,5.3,4.1,6.8
1994,New York,3.9,3.2,4.9
1994,North Carolina,4.5,3.7,5.5
1994,North Dakota,3.6,2.8,4.5
1994,Ohio,4.8,3.6,6.4
1994,Oklahoma,2.8,2.1,3.6
1994,Oregon,3.8,3.1,4.7
1994,Pennsylvania,5,4.3,5.8
1994,South Carolina,6.2,5.1,7.5
1994,South Dakota,4.1,3.2,5.3
1994,Tennessee,5.6,4.8,6.5
1994,Texas,5.8,4.5,7.4
1994,Utah,4.5,3.5,5.7
1994,Vermont,4.2,3.5,5.1
1994,Virginia,5.1,4,6.4
1994,Washington,4,3.4,4.8
1994,West Virginia,5,4.2,5.9
1994,Wisconsin,3.2,2.3,4.3
1994,Wyoming,3.7,2.7,4.9
1994,Rhode Island,No Data,No Data,No Data
1994,Guam,No Data,No Data,No Data
1994,Puerto Rico,No Data,No Data,No Data
1994,Virgin Islands of the U.S.,No Data,No Data,No Data
1995,Alabama,4.7,3.8,5.9
1995,Alaska,4.2,2.6,6.7
1995,Arizona,4.8,3.5,6.5
1995,Arkansas,4.9,4,6.1
1995,California,6.1,4.8,7.8
1995,Colorado,3.7,2.9,4.8
1995,Connecticut,4.3,3.3,5.5
1995,Delaware,4.4,3.5,5.4
1995,Florida,4.8,4.1,5.5
1995,Georgia,4,3.2,5
1995,Hawaii,3.5,2.6,4.5
1995,Idaho,3.6,2.9,4.4
1995,Illinois,5.4,4.6,6.4
1995,Indiana,5.1,4.2,6.1
1995,Iowa,5,4.3,5.9
1995,Kansas,4.7,3.9,5.8
1995,Kentucky,3.6,2.9,4.4
1995,Louisiana,6.6,5.4,8.1
1995,Maine,3.5,2.6,4.6
1995,Maryland,4.4,3.9,5.1
1995,Massachusetts,3.9,3,5
1995,Michigan,5.6,4.7,6.6
1995,Minnesota,3.1,2.6,3.7
1995,Mississippi,6.3,5.2,7.7
1995,Missouri,4.2,3.3,5.3
1995,Montana,2.9,2.1,4
1995,Nebraska,4.3,3.5,5.4
1995,Nevada,5,3.9,6.4
1995,New Hampshire,5.1,4,6.5
1995,New Jersey,4.4,3.3,6
1995,New Mexico,5.7,4.4,7.3
1995,New York,4.4,3.6,5.5
1995,North Carolina,4.8,4.1,5.6
1995,North Dakota,3.6,2.8,4.6
1995,Ohio,4.2,3.1,5.8
1995,Oklahoma,3,2,4.3
1995,Oregon,4,3.3,4.8
1995,Pennsylvania,5.4,4.7,6.3
1995,Rhode Island,4.6,3.5,5.9
1995,South Carolina,5,4,6.2
1995,South Dakota,2.8,2.1,3.8
1995,Tennessee,5.3,4.3,6.4
1995,Texas,5.7,4.6,7.1
1995,Utah,4.2,3.3,5.4
1995,Vermont,4.8,4,5.8
1995,Virginia,4.2,3.3,5.4
1995,Washington,3.1,2.6,3.8
1995,West Virginia,4.5,3.7,5.4
1995,Wisconsin,4.6,3.7,5.7
1995,Wyoming,3.3,2.6,4.2
1995,District of Columbia,No Data,No Data,No Data
1995,Guam,No Data,No Data,No Data
1995,Puerto Rico,No Data,No Data,No Data
1995,Virgin Islands of the U.S.,No Data,No Data,No Data
1996,Alabama,7.3,6.1,8.6
1996,Alaska,3.8,2.5,5.9
1996,Arizona,3.7,2.7,5
1996,Arkansas,4.2,3.3,5.2
1996,California,5.4,4.6,6.3
1996,Colorado,3.3,2.5,4.3
1996,Connecticut,4.3,3.4,5.5
1996,Delaware,5.2,4.4,6.3
1996,District of Columbia,6,4.6,7.9
1996,Florida,4.7,4,5.5
1996,Georgia,5.1,4.1,6.2
1996,Hawaii,4.8,3.9,6.1
1996,Idaho,3.3,2.6,4.1
1996,Illinois,5.8,4.9,6.8
1996,Indiana,5.4,4.5,6.5
1996,Iowa,3.9,3.3,4.6
1996,Kansas,3.5,2.7,4.5
1996,Kentucky,4.4,3.8,5.2
1996,Louisiana,6.9,5.6,8.3
1996,Maine,4.2,3.3,5.3
1996,Maryland,5.4,4.7,6.3
1996,Massachusetts,5.2,4.1,6.5
1996,Michigan,5.8,4.9,6.9
1996,Minnesota,4.5,3.8,5.2
1996,Mississippi,6.3,5.1,7.6
1996,Missouri,4.2,3.2,5.3
1996,Montana,3.6,2.8,4.5
1996,Nebraska,5,4.1,6.1
1996,Nevada,4.1,3.1,5.5
1996,New Hampshire,4.1,3.2,5.3
1996,New Jersey,4.3,3.6,5.1
1996,New Mexico,4.4,3.2,6.1
1996,New York,3.6,3,4.3
1996,North Carolina,4.6,3.8,5.5
1996,North Dakota,3,2.3,3.9
1996,Ohio,4.9,3.9,6.2
1996,Oklahoma,3.8,2.9,5
1996,Oregon,4.3,3.6,5.1
1996,Pennsylvania,5.1,4.4,6
1996,Rhode Island,4.1,3.3,5.1
1996,South Carolina,5.6,4.5,6.9
1996,South Dakota,4,3.2,4.9
1996,Tennessee,5,4.2,5.9
1996,Texas,3.9,3.1,5.1
1996,Utah,3.7,3,4.6
1996,Vermont,3.9,3.2,4.8
1996,Virginia,5.8,4.8,7.1
1996,Washington,3.5,2.9,4.2
1996,West Virginia,5.6,4.7,6.6
1996,Wisconsin,4.6,3.5,5.9
1996,Wyoming,4.3,3.5,5.2
1996,Puerto Rico,11.6,10.1,13.3
1996,Guam,No Data,No Data,No Data
1996,Virgin Islands of the U.S.,No Data,No Data,No Data
1997,Alabama,6.6,5.6,7.8
1997,Alaska,3.8,2.6,5.5
1997,Arizona,3.1,2.1,4.4
1997,Arkansas,4.8,3.9,5.9
1997,California,5.9,5.1,6.9
1997,Colorado,4.2,3.2,5.4
1997,Connecticut,5.1,4.1,6.3
1997,Delaware,6.5,5.5,7.6
1997,District of Columbia,4.7,3.6,6.1
1997,Florida,5.1,4.4,5.9
1997,Georgia,4.5,3.7,5.6
1997,Hawaii,5,4,6.2
1997,Idaho,4,3.4,4.6
1997,Illinois,6.9,5.9,8.1
1997,Indiana,5.1,4.2,6.2
1997,Iowa,4.3,3.6,5
1997,Kansas,2.9,2.2,3.7
1997,Kentucky,5.3,4.6,6.1
1997,Louisiana,5.7,4.6,7.1
1997,Maine,4.7,3.8,5.8
1997,Maryland,6.2,5.3,7.2
1997,Massachusetts,4.7,3.6,5.9
1997,Michigan,5.8,4.9,6.8
1997,Minnesota,3.9,3.4,4.5
1997,Mississippi,6.1,4.9,7.5
1997,Missouri,4.5,3.6,5.7
1997,Montana,3,2.3,3.9
1997,Nebraska,4,3.2,4.9
1997,Nevada,4.1,2.8,6
1997,New Hampshire,4.1,3.1,5.3
1997,New Jersey,5.1,4.2,6.1
1997,New Mexico,5.2,4.2,6.4
1997,New York,4.7,4,5.6
1997,North Carolina,5,4.3,5.8
1997,North Dakota,3.4,2.6,4.4
1997,Ohio,4.7,3.9,5.7
1997,Oklahoma,5.9,4.8,7.1
1997,Oregon,4.6,3.8,5.4
1997,Pennsylvania,4.8,4.1,5.6
1997,Rhode Island,4.5,3.6,5.6
1997,South Carolina,4.8,4,5.9
1997,South Dakota,3.6,2.8,4.6
1997,Tennessee,4.3,3.6,5.1
1997,Texas,6.4,5.3,7.5
1997,Utah,4.7,3.7,6
1997,Vermont,4.7,3.7,5.9
1997,Virginia,4.5,3.8,5.4
1997,Washington,4.1,3.5,4.9
1997,West Virginia,5.9,5,7
1997,Wisconsin,4.7,3.6,6.2
1997,Wyoming,3.2,2.5,4
1997,Puerto Rico,11.1,9.9,12.6
1997,Guam,No Data,No Data,No Data
1997,Virgin Islands of the U.S.,No Data,No Data,No Data
1998,Alabama,6.8,5.8,8
1998,Alaska,3.8,2.7,5.3
1998,Arizona,2.9,1.9,4.4
1998,Arkansas,6.2,5.3,7.2
1998,California,5.8,5,6.7
1998,Colorado,4.9,3.9,6.1
1998,Connecticut,4.4,3.6,5.4
1998,Delaware,4.4,3.6,5.3
1998,District of Columbia,7.3,5.5,9.6
1998,Florida,5.6,5,6.3
1998,Georgia,6.3,5.3,7.6
1998,Hawaii,5.6,4.3,7.1
1998,Idaho,4.1,3.6,4.8
1998,Illinois,6,5.2,7
1998,Indiana,6,5.1,7.2
1998,Iowa,4.9,4.1,5.8
1998,Kansas,4,3.4,4.7
1998,Kentucky,5.4,4.7,6.2
1998,Louisiana,6.5,5.4,7.9
1998,Maine,3.4,2.7,4.4
1998,Maryland,5.5,4.6,6.7
1998,Massachusetts,3.8,3.2,4.6
1998,Michigan,6.9,5.8,8.1
1998,Minnesota,4.7,4.1,5.5
1998,Mississippi,7.5,6.3,8.8
1998,Missouri,5.5,4.6,6.4
1998,Montana,3.4,2.7,4.4
1998,Nebraska,5,4.2,5.9
1998,Nevada,4.4,3.4,5.8
1998,New Hampshire,3.9,2.9,5.2
1998,New Jersey,5.1,4.3,6.1
1998,New Mexico,5.1,4.4,5.9
1998,New York,6.1,5.1,7.3
1998,North Carolina,6.4,5.5,7.6
1998,North Dakota,4,3.1,5.1
1998,Ohio,5.5,4.5,6.7
1998,Oklahoma,7.6,6.6,8.7
1998,Oregon,5,4,6.2
1998,Pennsylvania,5.3,4.6,6.2
1998,Rhode Island,5.6,4.9,6.5
1998,South Carolina,5.7,4.9,6.7
1998,South Dakota,2.9,2.3,3.7
1998,Tennessee,5.8,4.9,7
1998,Texas,5.7,5.1,6.4
1998,Utah,4.8,3.8,5.9
1998,Vermont,4.5,3.8,5.3
1998,Virginia,4.8,4,5.7
1998,Washington,5,4.2,5.9
1998,West Virginia,5.8,4.9,6.9
1998,Wisconsin,4.2,3.4,5.2
1998,Wyoming,3.7,3,4.7
1998,Puerto Rico,10.7,9.4,12.1
1998,Guam,No Data,No Data,No Data
1998,Virgin Islands of the U.S.,No Data,No Data,No Data
1999,Alabama,7.4,6.3,8.6
1999,Alaska,4.4,3.2,6
1999,Arizona,4.3,3.3,5.6
1999,Arkansas,6.1,5.2,7.1
1999,California,6.5,5.6,7.4
1999,Colorado,4.2,3.4,5.3
1999,Connecticut,4.3,3.5,5.2
1999,Delaware,6,5,7.3
1999,District of Columbia,6.8,5.5,8.4
1999,Florida,6.1,5.4,6.8
1999,Georgia,5.8,4.8,7
1999,Hawaii,5.2,4.1,6.6
1999,Idaho,4.7,4,5.4
1999,Illinois,6.3,5.2,7.6
1999,Indiana,6.6,5.1,8.5
1999,Iowa,4.9,4.2,5.7
1999,Kansas,5.2,4.5,5.9
1999,Kentucky,6.2,5.6,6.9
1999,Louisiana,6,4.9,7.3
1999,Maine,5.2,4.2,6.3
1999,Maryland,6.9,6,7.9
1999,Massachusetts,4.9,4.2,5.8
1999,Michigan,5.4,4.6,6.5
1999,Minnesota,4.7,4.2,5.4
1999,Mississippi,7.9,6.8,9.2
1999,Missouri,5.7,4.9,6.6
1999,Montana,5.6,4.6,6.9
1999,Nebraska,4.1,3.4,4.9
1999,Nevada,5.7,4.6,7.1
1999,New Hampshire,4.2,3.2,5.6
1999,New Jersey,5.2,4.3,6.3
1999,New Mexico,5.6,4.7,6.6
1999,New York,5.6,4.7,6.7
1999,North Carolina,6.2,5.2,7.2
1999,North Dakota,4.7,3.9,5.7
1999,Ohio,5.8,4.8,7.1
1999,Oklahoma,5.4,4.6,6.3
1999,Oregon,4.4,3.5,5.6
1999,Pennsylvania,5.8,5,6.7
1999,Rhode Island,5,4.3,5.9
1999,South Carolina,6.6,5.7,7.6
1999,South Dakota,4.7,4,5.4
1999,Tennessee,5.8,4.9,6.8
1999,Texas,6.7,5.8,7.7
1999,Utah,4.7,3.8,5.7
1999,Vermont,4.3,3.6,5.1
1999,Virginia,6.7,5.4,8.1
1999,Washington,5.2,4.4,6.1
1999,West Virginia,6.7,5.8,7.7
1999,Wisconsin,5.1,4.2,6.2
1999,Wyoming,4.6,3.8,5.5
1999,Puerto Rico,10.4,9.3,11.6
1999,Guam,No Data,No Data,No Data
1999,Virgin Islands of the U.S.,No Data,No Data,No Data
2000,Alabama,7.2,6.1,8.5
2000,Alaska,4.3,3.2,5.9
2000,Arizona,5.9,4.1,8.3
2000,Arkansas,5.9,5,6.8
2000,California,7.1,6,8.4
2000,Colorado,5.2,4.2,6.5
2000,Connecticut,5.2,4.5,6
2000,Delaware,6.3,5.2,7.7
2000,District of Columbia,7.4,6.1,8.9
2000,Florida,6.2,5.5,6.9
2000,Georgia,7.1,6.2,8.1
2000,Hawaii,5.1,4.5,5.9
2000,Idaho,4.8,4.1,5.4
2000,Illinois,6.2,5.3,7.1
2000,Indiana,6,5.2,7
2000,Iowa,5.6,4.9,6.5
2000,Kansas,5.6,4.9,6.4
2000,Kentucky,6.3,5.6,7.1
2000,Louisiana,6.8,6,7.6
2000,Maine,5.8,4.8,6.9
2000,Maryland,6.5,5.7,7.5
2000,Massachusetts,5.7,5.1,6.3
2000,Michigan,7,6.1,8
2000,Minnesota,4.8,4.1,5.8
2000,Mississippi,7.6,6.5,8.8
2000,Missouri,6.4,5.4,7.4
2000,Montana,4.5,3.7,5.4
2000,Nebraska,4.8,4,5.8
2000,Nevada,6.7,5,9
2000,New Hampshire,4.6,3.7,5.7
2000,New Jersey,5.6,4.8,6.4
2000,New Mexico,6.6,5.7,7.6
2000,New York,6.2,5.3,7.2
2000,North Carolina,6.5,5.6,7.4
2000,North Dakota,5,4,6.2
2000,Ohio,6.1,5.1,7.4
2000,Oklahoma,5.4,4.6,6.2
2000,Oregon,5.8,5,6.7
2000,Pennsylvania,6.5,5.7,7.5
2000,Rhode Island,5.8,5,6.7
2000,South Carolina,7.2,6.2,8.2
2000,South Dakota,5.4,4.8,6.2
2000,Tennessee,7,6,8.1
2000,Texas,6.5,5.7,7.3
2000,Utah,5.7,4.7,7
2000,Vermont,4.4,3.8,5.2
2000,Virginia,6.3,5,7.9
2000,Washington,5.5,4.8,6.4
2000,West Virginia,7,6.1,8.1
2000,Wisconsin,5.9,5,7
2000,Wyoming,5,4.1,6
2000,Puerto Rico,9.2,8.3,10.3
2000,Guam,No Data,No Data,No Data
2000,Virgin Islands of the U.S.,No Data,No Data,No Data
2001,Alabama,9.4,8.4,10.6
2001,Alaska,4.9,3.8,6.3
2001,Arizona,6.1,5.1,7.2
2001,Arkansas,7.3,6.3,8.4
2001,California,6.6,5.8,7.6
2001,Colorado,5,4,6.2
2001,Connecticut,6,5.4,6.6
2001,Delaware,6.9,6,8
2001,District of Columbia,8.5,7.2,10.1
2001,Florida,7.2,6.4,8
2001,Georgia,7,6.2,7.9
2001,Hawaii,6,5,7.2
2001,Idaho,5.4,4.7,6.1
2001,Illinois,6.5,5.7,7.4
2001,Indiana,6.4,5.6,7.2
2001,Iowa,5.3,4.6,6
2001,Kansas,5.6,4.9,6.3
2001,Kentucky,6.5,5.8,7.2
2001,Louisiana,7.6,6.8,8.4
2001,Maine,6.4,5.3,7.6
2001,Maryland,7,6.1,8.1
2001,Massachusetts,5.4,4.9,6
2001,Michigan,7.1,6.3,8
2001,Minnesota,4.3,3.7,5
2001,Mississippi,9.2,8.1,10.4
2001,Missouri,6.2,5.4,7.2
2001,Montana,5.3,4.4,6.2
2001,Nebraska,5,4.3,5.8
2001,Nevada,5.4,4.4,6.7
2001,New Hampshire,5.4,4.7,6.2
2001,New Jersey,6.9,6,7.8
2001,New Mexico,6.2,5.4,7.2
2001,New York,6.4,5.6,7.4
2001,North Carolina,6.6,5.8,7.5
2001,North Dakota,5,4.2,5.9
2001,Ohio,7,6.1,8
2001,Oklahoma,7.4,6.5,8.3
2001,Oregon,5.4,4.5,6.4
2001,Pennsylvania,6.2,5.4,7
2001,Rhode Island,6.2,5.4,7.1
2001,South Carolina,7.9,7,9
2001,South Dakota,5.8,5.2,6.5
2001,Tennessee,7.6,6.6,8.8
2001,Texas,7.3,6.6,8.1
2001,Utah,4.6,3.8,5.5
2001,Vermont,5.1,4.4,5.8
2001,Virginia,6,5.2,7
2001,Washington,5.7,5,6.5
2001,West Virginia,8,7.1,9.1
2001,Wisconsin,5.4,4.6,6.2
2001,Wyoming,4.6,3.8,5.4
2001,Guam,11.7,8.9,15.3
2001,Puerto Rico,10.2,9.1,11.3
2001,Virgin Islands of the U.S.,7.3,6.1,8.6
2002,Alabama,8.4,7.4,9.4
2002,Alaska,4.7,3.7,5.9
2002,Arizona,6.4,5.4,7.5
2002,Arkansas,7.5,6.7,8.4
2002,California,8,6.9,9.1
2002,Colorado,4.8,4.1,5.6
2002,Connecticut,5.6,5,6.4
2002,Delaware,6.9,6,7.9
2002,District of Columbia,8.2,6.8,9.8
2002,Florida,6.9,6.2,7.7
2002,Georgia,7.5,6.7,8.4
2002,Hawaii,5.5,4.9,6.3
2002,Idaho,6.2,5.5,7
2002,Illinois,6.9,6.1,7.7
2002,Indiana,7.4,6.7,8.2
2002,Iowa,6.2,5.4,7.1
2002,Kansas,6.3,5.7,7.1
2002,Kentucky,6.9,6.2,7.8
2002,Louisiana,7.2,6.4,8.1
2002,Maine,6.7,5.8,7.8
2002,Maryland,7,6,8
2002,Massachusetts,5.7,5.1,6.4
2002,Michigan,7.9,7.2,8.7
2002,Minnesota,4.9,4.3,5.6
2002,Mississippi,8.6,7.7,9.5
2002,Missouri,7.1,6.2,8.1
2002,Montana,5.3,4.4,6.2
2002,Nebraska,5.7,5,6.5
2002,Nevada,6.3,5.2,7.6
2002,New Hampshire,6.2,5.6,7
2002,New Jersey,5.9,5,7
2002,New Mexico,6.1,5.4,6.9
2002,New York,7.1,6.3,8.1
2002,North Carolina,7.3,6.5,8.2
2002,North Dakota,5.9,5.1,6.8
2002,Ohio,7.4,6.6,8.4
2002,Oklahoma,6.6,6,7.2
2002,Oregon,6.1,5.2,7.1
2002,Pennsylvania,7.3,6.8,7.9
2002,Rhode Island,5.4,4.7,6.2
2002,South Carolina,8.4,7.4,9.4
2002,South Dakota,6,5.3,6.8
2002,Tennessee,8.4,7.4,9.5
2002,Texas,7.6,6.9,8.3
2002,Utah,5.2,4.3,6.1
2002,Vermont,5.7,5,6.5
2002,Virginia,6.4,5.6,7.4
2002,Washington,5.9,5.2,6.7
2002,West Virginia,9.3,8.3,10.3
2002,Wisconsin,5,4.3,5.7
2002,Wyoming,5.6,4.9,6.5
2002,Guam,8.6,6.3,11.7
2002,Puerto Rico,10.7,9.7,11.8
2002,Virgin Islands of the U.S.,9.5,8.1,11.1
2003,Alabama,8.4,7.5,9.5
2003,Alaska,5.8,4.5,7.4
2003,Arizona,6.1,5.2,7.3
2003,Arkansas,7,6.2,7.8
2003,California,7.5,6.6,8.5
2003,Colorado,5,4.3,5.7
2003,Connecticut,5.6,5,6.3
2003,Delaware,7.4,6.5,8.4
2003,District of Columbia,8.8,7.3,10.4
2003,Florida,7.7,6.7,8.7
2003,Georgia,8.2,7.5,9
2003,Hawaii,7.2,6.3,8.2
2003,Idaho,6.3,5.6,7.2
2003,Illinois,7.4,6.6,8.2
2003,Indiana,7.6,6.9,8.3
2003,Iowa,6.1,5.5,6.9
2003,Kansas,5.8,5.2,6.5
2003,Kentucky,8.3,7.5,9.1
2003,Louisiana,8.5,7.7,9.3
2003,Maine,6.8,5.9,7.9
2003,Maryland,7.1,6.2,8.1
2003,Massachusetts,5.9,5.3,6.6
2003,Michigan,7.7,6.9,8.7
2003,Minnesota,5.5,4.8,6.2
2003,Mississippi,10.9,9.9,11.9
2003,Missouri,6.6,5.8,7.5
2003,Montana,5.1,4.4,6
2003,Nebraska,6.1,5.4,6.8
2003,Nevada,6.4,5.3,7.8
2003,New Hampshire,5.5,4.9,6.1
2003,New Jersey,6.8,6.3,7.4
2003,New Mexico,5.6,5,6.2
2003,New York,7.2,6.5,8.1
2003,North Carolina,8.1,7.4,8.9
2003,North Dakota,5.6,4.9,6.5
2003,Ohio,8.5,7.5,9.7
2003,Oklahoma,6.9,6.4,7.5
2003,Oregon,6,5.3,6.8
2003,Pennsylvania,7.4,6.5,8.3
2003,Rhode Island,6.5,5.7,7.4
2003,South Carolina,9.1,8.3,10
2003,South Dakota,6.6,6,7.3
2003,Tennessee,9.2,8,10.5
2003,Texas,8.4,7.7,9.2
2003,Utah,6.4,5.5,7.4
2003,Vermont,5.6,4.9,6.3
2003,Virginia,7.2,6.4,8.1
2003,Washington,6.6,6.2,7
2003,West Virginia,8.9,7.9,9.9
2003,Wisconsin,5.8,5,6.6
2003,Wyoming,5.6,5,6.4
2003,Guam,11.4,8.8,14.6
2003,Puerto Rico,11,10,12.1
2003,Virgin Islands of the U.S.,10.3,8.5,12.4
2004,Alabama,7.9,7,8.8
2004,Alaska,4.4,3.5,5.5
2004,Arizona,6.5,5.5,7.7
2004,Arkansas,6.7,6,7.5
2004,California,7.4,6.5,8.5
2004,Colorado,4.6,4,5.3
2004,Connecticut,5.7,5.1,6.4
2004,Delaware,6.9,6,7.9
2004,District of Columbia,9,7.9,10.3
2004,Florida,7,6.3,7.8
2004,Georgia,7.9,7,8.8
2004,Idaho,6.2,5.6,7
2004,Illinois,6,5.3,6.9
2004,Indiana,7.6,6.9,8.3
2004,Iowa,5.9,5.3,6.6
2004,Kansas,6.4,5.9,6.9
2004,Kentucky,7.4,6.7,8.2
2004,Louisiana,8.3,7.6,8.9
2004,Maine,7,6.1,8
2004,Maryland,7.3,6.4,8.4
2004,Massachusetts,5.5,4.9,6.1
2004,Michigan,7.5,6.8,8.3
2004,Minnesota,5.1,4.5,5.8
2004,Mississippi,9.5,8.7,10.4
2004,Missouri,7,6.3,7.9
2004,Montana,5.5,4.9,6.3
2004,Nebraska,6.1,5.5,6.7
2004,Nevada,6.5,5.4,7.8
2004,New Hampshire,6.4,5.8,7.2
2004,New Jersey,6.6,6.1,7.1
2004,New Mexico,6.4,5.8,7.1
2004,New York,7.4,6.6,8.2
2004,North Carolina,8.4,7.9,9
2004,North Dakota,5.4,4.7,6.3
2004,Ohio,7.6,6.5,8.8
2004,Oklahoma,7.7,7.1,8.4
2004,Oregon,6.4,5.7,7.1
2004,Pennsylvania,7.2,6.5,7.9
2004,Rhode Island,6.9,6.1,7.7
2004,South Carolina,8.2,7.5,8.9
2004,South Dakota,6.2,5.6,6.9
2004,Tennessee,8.1,7.2,9.2
2004,Texas,8.1,7.4,8.9
2004,Utah,5.8,5.1,6.6
2004,Vermont,5.2,4.7,5.7
2004,Virginia,7.2,6.4,8
2004,Washington,6.4,6,6.8
2004,West Virginia,9.9,8.9,11.1
2004,Wisconsin,5.5,4.8,6.2
2004,Wyoming,5.8,5.2,6.6
2004,Puerto Rico,10.6,9.6,11.7
2004,Virgin Islands of the U.S.,9.3,8,10.8
2004,Hawaii,No Data,No Data,No Data
2004,Guam,No Data,No Data,No Data
2005,Alabama,9.3,8.3,10.4
2005,Alaska,5.6,4.3,7.2
2005,Arizona,7.3,6.1,8.7
2005,Arkansas,7.7,7,8.4
2005,California,7.4,6.5,8.3
2005,Colorado,5.1,4.6,5.7
2005,Connecticut,6.1,5.5,6.9
2005,Delaware,8.3,7.3,9.4
2005,District of Columbia,7.6,6.6,8.6
2005,Florida,7.9,7.1,8.9
2005,Georgia,8.9,8,9.9
2005,Hawaii,7,6.2,7.8
2005,Idaho,6.8,6.2,7.6
2005,Illinois,7.9,7,8.8
2005,Indiana,8.1,7.4,8.8
2005,Iowa,6.3,5.7,7
2005,Kansas,6.7,6.2,7.3
2005,Kentucky,8.6,7.8,9.5
2005,Louisiana,9.1,8.1,10.2
2005,Maine,6.8,6,7.7
2005,Maryland,7.1,6.5,7.8
2005,Massachusetts,6.2,5.6,6.8
2005,Michigan,7.9,7.4,8.4
2005,Minnesota,5.7,4.9,6.6
2005,Mississippi,9.6,8.7,10.5
2005,Missouri,7.4,6.6,8.4
2005,Montana,5.2,4.6,5.9
2005,Nebraska,7,6.5,7.7
2005,Nevada,7.1,6.1,8.4
2005,New Hampshire,6.3,5.7,7
2005,New Jersey,7.3,6.8,7.9
2005,New Mexico,7,6.3,7.8
2005,New York,7.9,7.2,8.7
2005,North Carolina,8.4,8,8.9
2005,North Dakota,6.2,5.4,7.1
2005,Ohio,7.3,6.5,8.1
2005,Oklahoma,8.6,7.9,9.3
2005,Oregon,6.4,6,6.9
2005,Pennsylvania,7.5,6.9,8.1
2005,Rhode Island,6.2,5.4,7
2005,South Carolina,10.1,9.4,10.8
2005,South Dakota,6,5.5,6.6
2005,Tennessee,8.8,7.9,9.7
2005,Texas,8.3,7.6,9.1
2005,Utah,6.4,5.7,7.2
2005,Vermont,5.6,5.1,6.3
2005,Virginia,7,6.3,7.8
2005,Washington,6.3,5.9,6.6
2005,West Virginia,9.6,8.6,10.6
2005,Wisconsin,6.3,5.6,7.1
2005,Wyoming,6.3,5.7,7
2005,Puerto Rico,12.5,11.4,13.6
2005,Virgin Islands of the U.S.,9.1,7.8,10.6
2005,Guam,No Data,No Data,No Data
2006,Alabama,9.5,8.5,10.6
2006,Alaska,7,5.6,8.6
2006,Arizona,8.2,7,9.6
2006,Arkansas,7.7,7,8.5
2006,California,8.5,7.6,9.4
2006,Colorado,5.5,5,6.2
2006,Connecticut,6,5.5,6.6
2006,Delaware,7.7,6.8,8.7
2006,District of Columbia,8.5,7.6,9.6
2006,Florida,7.6,7,8.3
2006,Georgia,9.7,8.9,10.5
2006,Hawaii,7.6,6.9,8.4
2006,Idaho,6.8,6.1,7.6
2006,Illinois,8.1,7.3,9
2006,Indiana,7.9,7.2,8.6
2006,Iowa,6.7,6,7.3
2006,Kansas,7.1,6.5,7.7
2006,Kentucky,9.5,8.6,10.5
2006,Louisiana,9,8.3,9.8
2006,Maine,6.2,5.5,7
2006,Maryland,7.8,7.2,8.5
2006,Massachusetts,6.2,5.7,6.7
2006,Michigan,8.7,7.9,9.5
2006,Minnesota,5.6,5,6.3
2006,Mississippi,10.6,9.8,11.5
2006,Missouri,6.9,6.1,7.8
2006,Montana,5.8,5.2,6.5
2006,Nebraska,7.1,6.5,7.7
2006,Nevada,7.5,6.5,8.7
2006,New Hampshire,7.2,6.4,8
2006,New Jersey,7.2,6.7,7.7
2006,New Mexico,7,6.4,7.7
2006,New York,7.4,6.7,8.1
2006,North Carolina,9,8.5,9.5
2006,North Dakota,6.3,5.6,7.1
2006,Ohio,6.4,5.5,7.3
2006,Oklahoma,9.6,8.9,10.3
2006,Oregon,6.5,5.8,7.2
2006,Pennsylvania,7.7,7,8.5
2006,Rhode Island,7.2,6.4,8.1
2006,South Carolina,9.2,8.5,9.9
2006,South Dakota,6.1,5.5,6.7
2006,Tennessee,10.3,9.3,11.4
2006,Texas,8.4,7.5,9.3
2006,Utah,6.7,6,7.5
2006,Vermont,5.5,5,6
2006,Virginia,7.3,6.4,8.3
2006,Washington,7,6.6,7.4
2006,West Virginia,10.8,9.8,11.9
2006,Wisconsin,6,5.3,6.7
2006,Wyoming,6.1,5.4,6.8
2006,Puerto Rico,11.8,11,12.7
2006,Virgin Islands of the U.S.,9.3,8.2,10.6
2006,Guam,No Data,No Data,No Data
2007,Alabama,9.7,9,10.6
2007,Alaska,6.5,5.2,8.1
2007,Arizona,8.2,7,9.6
2007,Arkansas,8.8,8,9.6
2007,California,7.8,7.1,8.6
2007,Colorado,5.6,5.2,6.1
2007,Connecticut,6.8,6.2,7.6
2007,Delaware,8.3,7.4,9.3
2007,District of Columbia,8.4,7.5,9.4
2007,Florida,7.7,7.2,8.2
2007,Georgia,10.7,9.9,11.6
2007,Hawaii,7.1,6.4,7.9
2007,Idaho,7.8,7.1,8.6
2007,Illinois,8.7,7.9,9.6
2007,Indiana,8.1,7.4,8.9
2007,Iowa,6.2,5.6,6.8
2007,Kansas,7,6.4,7.6
2007,Kentucky,9.4,8.6,10.3
2007,Louisiana,10,9.3,10.9
2007,Maine,7.1,6.4,7.8
2007,Maryland,8.1,7.5,8.8
2007,Massachusetts,7.1,6.7,7.5
2007,Michigan,8.5,7.8,9.2
2007,Minnesota,5.5,4.9,6.2
2007,Mississippi,10.9,10.1,11.6
2007,Missouri,7.5,6.7,8.4
2007,Montana,6.1,5.5,6.8
2007,Nebraska,6.8,6,7.5
2007,Nevada,8,7,9.2
2007,New Hampshire,6.7,6,7.3
2007,New Jersey,8.7,8,9.6
2007,New Mexico,7.5,6.7,8.3
2007,New York,7.8,7.1,8.5
2007,North Carolina,8.9,8.4,9.4
2007,North Dakota,5.8,5.2,6.5
2007,Ohio,8.9,8.4,9.5
2007,Oklahoma,9.6,8.9,10.4
2007,Oregon,6.5,5.9,7.2
2007,Pennsylvania,7.8,7.1,8.7
2007,Rhode Island,6.8,6.1,7.6
2007,South Carolina,9.2,8.5,9.8
2007,South Dakota,6.3,5.7,6.9
2007,Tennessee,11.5,10.2,13
2007,Texas,10.7,10.1,11.3
2007,Utah,6.7,5.9,7.5
2007,Vermont,6.5,5.7,7.4
2007,Virginia,7.9,7.2,8.7
2007,Washington,7,6.6,7.3
2007,West Virginia,9.8,8.9,10.7
2007,Wisconsin,6.1,5.5,6.7
2007,Wyoming,6.6,6,7.3
2007,Guam,11.1,8.4,14.5
2007,Puerto Rico,12.3,11.3,13.4
2007,Virgin Islands of the U.S.,9.4,8.2,10.7
2008,Alabama,10.6,9.7,11.5
2008,Alaska,7.3,5.8,9.2
2008,Arizona,7.6,6.6,8.7
2008,Arkansas,8.9,8.1,9.8
2008,California,8.7,8.1,9.4
2008,Colorado,6.1,5.6,6.7
2008,Connecticut,6.3,5.7,7
2008,Delaware,7.8,6.9,8.9
2008,District of Columbia,8.3,7.4,9.2
2008,Florida,8.4,7.6,9.2
2008,Georgia,10.2,9.2,11.2
2008,Hawaii,7.7,6.9,8.6
2008,Idaho,7,6.3,7.7
2008,Illinois,8.2,7.4,9
2008,Indiana,9.2,8.2,10.3
2008,Iowa,6.4,5.8,7
2008,Kansas,7.7,7.1,8.3
2008,Kentucky,9.4,8.7,10.2
2008,Louisiana,10.2,9.4,11
2008,Maine,7.4,6.7,8.1
2008,Maryland,8.4,7.7,9
2008,Massachusetts,6.8,6.4,7.2
2008,Michigan,8.6,8,9.3
2008,Minnesota,5.7,5.1,6.4
2008,Mississippi,10.8,10,11.7
2008,Missouri,8.7,7.7,9.8
2008,Montana,5.9,5.3,6.5
2008,Nebraska,7.3,6.7,8
2008,Nevada,8.6,7.5,9.8
2008,New Hampshire,6.8,6.2,7.5
2008,New Jersey,7.9,7.4,8.5
2008,New Mexico,7.6,6.8,8.3
2008,New York,8,7.3,8.8
2008,North Carolina,9.1,8.6,9.7
2008,North Dakota,7,6.3,7.9
2008,Ohio,9.3,8.7,9.9
2008,Oklahoma,9.5,8.8,10.2
2008,Oregon,6.5,5.8,7.3
2008,Pennsylvania,7.9,7.3,8.5
2008,Rhode Island,7.1,6.3,7.9
2008,South Carolina,9.5,8.8,10.3
2008,South Dakota,6,5.5,6.6
2008,Tennessee,10,9,11
2008,Texas,10,9.3,10.8
2008,Utah,6.9,6.2,7.6
2008,Vermont,5.9,5.4,6.5
2008,Virginia,7.7,7,8.5
2008,Washington,6.8,6.4,7.2
2008,West Virginia,10.8,9.8,11.9
2008,Wisconsin,6.9,6.1,7.8
2008,Wyoming,7,6.3,7.8
2008,Guam,9.3,7.1,11.9
2008,Puerto Rico,12.3,11.3,13.2
2008,Virgin Islands of the U.S.,10.4,9,11.9
2009,Alabama,10.9,10,11.9
2009,Alaska,6.5,5.3,7.9
2009,Arizona,8.1,7.1,9.3
2009,Arkansas,9.4,8.4,10.6
2009,California,9.2,8.7,9.7
2009,Colorado,5.9,5.4,6.4
2009,Connecticut,6,5.5,6.7
2009,Delaware,7.5,6.6,8.5
2009,District of Columbia,7.9,7,8.9
2009,Florida,9.6,8.6,10.7
2009,Georgia,9.9,8.9,10.9
2009,Hawaii,7.9,7.1,8.7
2009,Idaho,7.8,7.1,8.5
2009,Illinois,7.9,7.2,8.8
2009,Indiana,8.9,8.3,9.5
2009,Iowa,6.9,6.3,7.6
2009,Kansas,8.1,7.7,8.6
2009,Kentucky,11,10,11.9
2009,Louisiana,10.7,10,11.5
2009,Maine,7.3,6.7,7.9
2009,Maryland,8.9,8.2,9.8
2009,Massachusetts,7.5,6.9,8.1
2009,Michigan,8.8,8.2,9.4
2009,Minnesota,6.1,5.5,6.8
2009,Mississippi,10.8,10.2,11.5
2009,Missouri,7.3,6.6,8.2
2009,Montana,6.1,5.6,6.7
2009,Nebraska,7,6.5,7.6
2009,Nevada,7.9,6.8,9.1
2009,New Hampshire,6.6,5.9,7.3
2009,New Jersey,8.2,7.5,9
2009,New Mexico,8.2,7.5,9
2009,New York,8.4,7.7,9.2
2009,North Carolina,9.2,8.5,10
2009,North Dakota,6.9,6.2,7.7
2009,Ohio,9.5,8.8,10.2
2009,Oklahoma,10.4,9.6,11.2
2009,Oregon,7.8,6.8,8.9
2009,Pennsylvania,8.1,7.5,8.8
2009,Rhode Island,6.4,5.9,7
2009,South Carolina,9.7,8.9,10.6
2009,South Dakota,6.6,6.1,7.3
2009,Tennessee,9.8,8.8,10.9
2009,Texas,9.5,8.7,10.4
2009,Utah,6.9,6.4,7.5
2009,Vermont,5.5,5,6.1
2009,Virginia,7.9,7.1,8.8
2009,Washington,7.5,7.1,7.9
2009,West Virginia,11.1,10.1,12.1
2009,Wisconsin,7.7,6.8,8.6
2009,Wyoming,6.5,5.9,7.2
2009,Guam,10.3,8.5,12.4
2009,Puerto Rico,12.8,11.9,13.9
2009,Virgin Islands of the U.S.,8.3,7.2,9.5
2010,Alabama,11.3,10.4,12.3
2010,Alaska,6,4.7,7.7
2010,Arizona,7.5,6.6,8.6
2010,Arkansas,8.9,8,9.9
2010,California,8.6,8.1,9.1
2010,Colorado,6,5.6,6.6
2010,Connecticut,6.7,6,7.5
2010,Delaware,7.9,7.1,8.8
2010,District of Columbia,8,7.1,9.1
2010,Florida,8.6,8,9.3
2010,Georgia,9.8,8.9,10.7
2010,Hawaii,7.6,6.9,8.4
2010,Idaho,7.7,7,8.5
2010,Illinois,8.5,7.6,9.4
2010,Indiana,9.3,8.6,10.1
2010,Iowa,6.8,6.1,7.5
2010,Kansas,7.9,7.4,8.5
2010,Kentucky,9.3,8.6,10.1
2010,Louisiana,9.8,9.1,10.6
2010,Maine,7.6,7,8.2
2010,Maryland,8.9,8.2,9.7
2010,Massachusetts,7,6.5,7.5
2010,Michigan,9.5,8.8,10.3
2010,Minnesota,6.4,5.6,7.2
2010,Mississippi,11.7,10.8,12.6
2010,Missouri,8.7,7.8,9.7
2010,Montana,6.3,5.5,7.1
2010,Nebraska,7.2,6.6,7.8
2010,Nevada,8.4,7.2,9.7
2010,New Hampshire,7.3,6.6,8.1
2010,New Jersey,8.5,7.9,9
2010,New Mexico,8,7.3,8.7
2010,New York,8.4,7.8,9
2010,North Carolina,9.4,8.8,10
2010,North Dakota,6.9,6.2,7.7
2010,Ohio,9.3,8.6,10.1
2010,Oklahoma,9.8,9.1,10.5
2010,Oregon,6.6,6,7.2
2010,Pennsylvania,9.2,8.6,9.9
2010,Rhode Island,7.3,6.6,8
2010,South Carolina,10,9.1,11
2010,South Dakota,6.2,5.6,6.9
2010,Tennessee,10.6,9.6,11.6
2010,Texas,9.9,9.3,10.6
2010,Utah,7.3,6.7,7.9
2010,Vermont,6.1,5.5,6.7
2010,Virginia,8.3,7.5,9.2
2010,Washington,7.3,6.9,7.8
2010,West Virginia,10.4,9.5,11.3
2010,Wisconsin,6.6,5.9,7.4
2010,Wyoming,6.7,6.1,7.4
2010,Guam,13.4,11,16.3
2010,Puerto Rico,12.7,11.6,13.9
2010,Virgin Islands of the U.S.,9.6,8.2,11.1
2011,Alabama,10.9,10.1,11.7
2011,Alaska,8.6,7.2,10.2
2011,Arizona,9,7.9,10.2
2011,Arkansas,10.3,9.3,11.4
2011,California,8.4,7.9,9
2011,Colorado,6.6,6.1,7.2
2011,Connecticut,8.4,7.7,9.3
2011,Delaware,8.8,7.9,9.9
2011,District of Columbia,9.5,8.4,10.6
2011,Florida,8.9,8.3,9.7
2011,Georgia,10.2,9.5,10.9
2011,Hawaii,7.8,7.1,8.6
2011,Idaho,9,8.1,10
2011,Illinois,9.4,8.4,10.5
2011,Indiana,9.6,8.9,10.3
2011,Iowa,7.2,6.7,7.9
2011,Kansas,8.9,8.5,9.4
2011,Kentucky,10,9.2,10.7
2011,Louisiana,11.4,10.6,12.2
2011,Maine,8.3,7.8,8.8
2011,Maryland,8.9,8.2,9.7
2011,Massachusetts,7.5,7,8
2011,Michigan,9.2,8.5,9.9
2011,Minnesota,6.9,6.4,7.5
2011,Mississippi,11.6,10.9,12.4
2011,Missouri,9.4,8.5,10.3
2011,Montana,7,6.4,7.6
2011,Nebraska,7.8,7.3,8.2
2011,Nevada,10,8.6,11.6
2011,New Hampshire,7.8,7.1,8.6
2011,New Jersey,8.1,7.5,8.6
2011,New Mexico,9.4,8.7,10.1
2011,New York,9.7,8.9,10.5
2011,North Carolina,10.1,9.4,10.9
2011,North Dakota,7.6,6.9,8.4
2011,Ohio,9.1,8.4,9.8
2011,Oklahoma,10.5,9.7,11.3
2011,Oregon,8.4,7.6,9.3
2011,Pennsylvania,8.4,7.8,9
2011,Rhode Island,7.7,7,8.5
2011,South Carolina,11.2,10.4,12
2011,South Dakota,8.6,7.7,9.7
2011,Tennessee,10.3,9.1,11.7
2011,Texas,10.2,9.5,11
2011,Utah,7.4,6.9,7.9
2011,Vermont,6.8,6.2,7.5
2011,Virginia,9.9,8.9,10.9
2011,Washington,8.5,7.9,9.1
2011,West Virginia,10.6,9.8,11.5
2011,Wisconsin,7.6,6.8,8.5
2011,Wyoming,7.8,6.9,8.7
2011,Guam,12,10.1,14.1
2011,Puerto Rico,13.2,12.4,14.1
2011,Virgin Islands of the U.S.,No Data,No Data,No Data
2012,Alabama,11.1,10.3,11.9
2012,Alaska,7.2,6.2,8.3
2012,Arizona,10.1,9,11.3
2012,Arkansas,10.2,9.3,11.2
2012,California,9.6,8.9,10.2
2012,Colorado,7.2,6.6,7.8
2012,Connecticut,8.1,7.4,9
2012,Delaware,8.7,7.8,9.7
2012,District of Columbia,8.9,7.8,10.1
2012,Florida,9.9,8.9,10.9
2012,Georgia,9.6,8.8,10.5
2012,Hawaii,7,6.1,8
2012,Idaho,7.8,6.9,8.8
2012,Illinois,8.9,7.9,9.9
2012,Indiana,10.1,9.4,10.8
2012,Iowa,8.6,8,9.3
2012,Kansas,8.8,8.2,9.4
2012,Kentucky,9.7,9,10.5
2012,Louisiana,11.5,10.6,12.4
2012,Maine,8.2,7.6,8.9
2012,Maryland,9.4,8.7,10.1
2012,Massachusetts,7.7,7.2,8.2
2012,Michigan,9.4,8.7,10.1
2012,Minnesota,6.8,6.3,7.4
2012,Mississippi,11.7,10.9,12.6
2012,Missouri,9.6,8.7,10.5
2012,Montana,6.2,5.7,6.8
2012,Nebraska,7.4,7,7.9
2012,Nevada,8.4,7.4,9.7
2012,New Hampshire,7.8,7.2,8.4
2012,New Jersey,8.4,7.9,9
2012,New Mexico,9.4,8.7,10.1
2012,New York,9,8.1,10
2012,North Carolina,9.7,9.1,10.3
2012,North Dakota,7.8,7,8.7
2012,Ohio,10.4,9.8,11.1
2012,Oklahoma,10.6,9.9,11.3
2012,Oregon,9.1,8.2,10
2012,Pennsylvania,8.9,8.4,9.4
2012,Rhode Island,8.8,8,9.8
2012,South Carolina,10.5,9.9,11.2
2012,South Dakota,7,6.3,7.9
2012,Tennessee,10.8,10,11.7
2012,Texas,10.6,9.9,11.4
2012,Utah,7.8,7.3,8.4
2012,Vermont,6.4,5.7,7.2
2012,Virginia,9.8,9.1,10.6
2012,Washington,8.2,7.7,8.8
2012,West Virginia,11.1,10.3,12
2012,Wisconsin,7.5,6.6,8.5
2012,Wyoming,8.4,7.5,9.4
2012,Guam,10.3,8.7,12.1
2012,Puerto Rico,15.2,14.3,16.1
2012,Virgin Islands of the U.S.,No Data,No Data,No Data
2013,Alabama,12.6,11.7,13.7
2013,Alaska,7.3,6.3,8.4
2013,Arizona,9.7,8.4,11.2
2013,Arkansas,10.5,9.4,11.6
2013,California,9.9,9.1,10.6
2013,Colorado,6.3,5.8,6.8
2013,Connecticut,7.3,6.7,8.1
2013,Delaware,9.9,9,10.9
2013,District of Columbia,8.4,7.5,9.4
2013,Florida,9.3,8.8,10
2013,Georgia,10.4,9.7,11.2
2013,Hawaii,7.5,6.8,8.4
2013,Idaho,7.8,7,8.7
2013,Illinois,9.2,8.3,10.2
2013,Indiana,10,9.4,10.6
2013,Iowa,8.3,7.6,9
2013,Kansas,8.8,8.4,9.2
2013,Kentucky,9.7,9,10.4
2013,Louisiana,10.8,9.8,11.9
2013,Maine,8.1,7.5,8.9
2013,Maryland,9.1,8.5,9.9
2013,Massachusetts,7.7,7.1,8.4
2013,Michigan,9.2,8.7,9.9
2013,Minnesota,6.8,6.1,7.6
2013,Mississippi,12,11.1,12.9
2013,Missouri,8.7,7.9,9.6
2013,Montana,6.7,6.1,7.3
2013,Nebraska,8.4,7.8,9
2013,Nevada,9,7.8,10.5
2013,New Hampshire,8.1,7.3,8.9
2013,New Jersey,8.2,7.6,8.8
2013,New Mexico,9.7,9,10.6
2013,New York,9.6,8.9,10.4
2013,North Carolina,10.5,9.8,11.2
2013,North Dakota,8.1,7.4,8.9
2013,Ohio,9.2,8.6,9.9
2013,Oklahoma,10.2,9.5,10.9
2013,Oregon,8.3,7.5,9.1
2013,Pennsylvania,8.7,8.1,9.3
2013,Rhode Island,8.3,7.5,9.1
2013,South Carolina,11.2,10.5,12
2013,South Dakota,8.2,7.3,9.1
2013,Tennessee,11.1,10.1,12.2
2013,Texas,10.9,10,11.7
2013,Utah,7.7,7.2,8.3
2013,Vermont,6.7,6,7.4
2013,Virginia,9.1,8.4,9.9
2013,Washington,8,7.4,8.6
2013,West Virginia,11.1,10.3,12
2013,Wisconsin,7.3,6.5,8.3
2013,Wyoming,8,7.3,8.9
2013,Guam,14.7,12.6,17.1
2013,Puerto Rico,13.7,12.7,14.7
2013,Virgin Islands of the U.S.,No Data,No Data,No Data
2014,Alabama,11.8,11,12.6
2014,Alaska,7.6,6.7,8.7
2014,Arizona,9.1,8.5,9.7
2014,Arkansas,11.5,10.4,12.6
2014,California,9.9,9.2,10.6
2014,Colorado,6.9,6.5,7.4
2014,Connecticut,8,7.3,8.7
2014,Delaware,9.7,8.7,10.8
2014,District of Columbia,9.1,8,10.4
2014,Florida,9.4,8.7,10.1
2014,Georgia,11,10.2,11.9
2014,Hawaii,8.9,8,9.9
2014,Idaho,7,6.3,7.9
2014,Illinois,9.4,8.5,10.3
2014,Indiana,9.7,9.2,10.4
2014,Iowa,8.3,7.7,9
2014,Kansas,9.5,9,10
2014,Kentucky,11.3,10.5,12.2
2014,Louisiana,10.4,9.7,11.2
2014,Maine,7.8,7.2,8.4
2014,Maryland,9.2,8.5,9.9
2014,Massachusetts,8.8,8.2,9.5
2014,Michigan,9,8.4,9.6
2014,Minnesota,7.5,7,7.9
2014,Mississippi,11.9,10.8,13.1
2014,Missouri,10,9.1,11
2014,Montana,7.6,6.9,8.4
2014,Nebraska,8.4,7.9,8.9
2014,Nevada,8.8,7.7,10
2014,New Hampshire,7.8,7.1,8.7
2014,New Jersey,8.6,8,9.3
2014,New Mexico,10.4,9.6,11.3
2014,New York,9.2,8.4,10
2014,North Carolina,9.8,9.1,10.6
2014,North Dakota,8,7.2,8.8
2014,Ohio,10.3,9.6,11
2014,Oklahoma,10.9,10.2,11.6
2014,Oregon,8,7.2,8.8
2014,Pennsylvania,9.6,9,10.3
2014,Rhode Island,8.3,7.6,9
2014,South Carolina,10.7,10.1,11.4
2014,South Dakota,8.2,7.2,9.3
2014,Tennessee,11.7,10.6,12.8
2014,Texas,10.8,10.1,11.5
2014,Utah,7.7,7.2,8.1
2014,Vermont,6.9,6.3,7.7
2014,Virginia,9,8.4,9.6
2014,Washington,8.2,7.6,8.8
2014,West Virginia,12,11.2,12.9
2014,Wisconsin,8,7.2,8.8
2014,Wyoming,7.8,6.9,8.7
2014,Guam,11.6,10.1,13.3
2014,Puerto Rico,14.2,13.3,15.1
2014,Virgin Islands of the U.S.,No Data,No Data,No Data
2015,Alabama,12,11.2,12.9
2015,Alaska,7.8,6.6,9.2
2015,Arizona,9.1,8.4,9.9
2015,Arkansas,11.2,10.2,12.4
2015,California,9.6,9,10.3
2015,Colorado,6.4,5.9,6.9
2015,Connecticut,8.1,7.5,8.8
2015,Delaware,9.9,8.9,11
2015,District of Columbia,9.3,8,10.7
2015,Florida,9.3,8.6,10
2015,Georgia,10.7,9.8,11.6
2015,Hawaii,7.8,7,8.6
2015,Idaho,7.3,6.6,8.1
2015,Illinois,9.1,8.3,9.9
2015,Indiana,10.5,9.5,11.5
2015,Iowa,7.7,7,8.4
2015,Kansas,8.9,8.5,9.2
2015,Kentucky,12.1,11.1,13.1
2015,Louisiana,11.8,10.8,12.9
2015,Maine,8.2,7.5,9
2015,Maryland,9.4,8.6,10.2
2015,Massachusetts,8,7.3,8.7
2015,Michigan,9.5,8.8,10.2
2015,Minnesota,6.9,6.4,7.3
2015,Mississippi,13.6,12.5,14.7
2015,Missouri,10.2,9.4,11.1
2015,Montana,6.7,6,7.6
2015,Nebraska,8,7.5,8.5
2015,Nevada,9,7.7,10.6
2015,New Hampshire,6.8,6.2,7.4
2015,New Jersey,7.9,7.3,8.5
2015,New Mexico,10.5,9.5,11.5
2015,New York,8.9,8.3,9.5
2015,North Carolina,9.6,8.9,10.3
2015,North Dakota,8.1,7.3,9
2015,Ohio,9.5,8.9,10.2
2015,Oklahoma,10.7,9.9,11.5
2015,Oregon,9.6,8.7,10.5
2015,Pennsylvania,8.8,8,9.6
2015,Rhode Island,7.9,7.1,8.8
2015,South Carolina,10.5,9.8,11.2
2015,South Dakota,8.4,7.5,9.4
2015,Tennessee,11.4,10.4,12.5
2015,Texas,11.2,10.3,12
2015,Utah,7.5,7,8.1
2015,Vermont,7.1,6.4,7.9
2015,Virginia,9.6,8.9,10.3
2015,Washington,7.7,7.2,8.2
2015,West Virginia,12.5,11.6,13.4
2015,Wisconsin,7.4,6.6,8.3
2015,Wyoming,7.6,6.8,8.4
2015,Guam,14.2,11.8,16.9
2015,Puerto Rico,14.7,13.8,15.7
2015,Virgin Islands of the U.S.,No Data,No Data,No Data
2016,Alabama,13.2,12.2,14.2
2016,Alaska,7.7,6.5,9.2
2016,Arizona,9.7,9,10.5
2016,Arkansas,12.1,10.8,13.5
2016,California,9.7,9,10.4
2016,Colorado,6.2,5.8,6.6
2016,Connecticut,8.5,7.9,9.1
2016,Delaware,9.1,8.1,10.2
2016,District of Columbia,8.4,7.6,9.3
2016,Florida,9.8,9.2,10.4
2016,Georgia,11.4,10.5,12.4
2016,Hawaii,9.5,8.7,10.4
2016,Idaho,8.1,7.3,9
2016,Illinois,9.5,8.7,10.5
2016,Indiana,10.4,9.8,11.1
2016,Iowa,8.1,7.5,8.8
2016,Kansas,8.5,8,9
2016,Kentucky,11.8,10.9,12.7
2016,Louisiana,11.1,10.1,12.2
2016,Maine,8.5,7.8,9.2
2016,Maryland,9.8,9.2,10.4
2016,Massachusetts,8.3,7.6,9
2016,Michigan,9.8,9.2,10.4
2016,Minnesota,7.6,7.1,8
2016,Mississippi,12.4,11.4,13.5
2016,Missouri,10.2,9.4,11.2
2016,Montana,6.9,6.2,7.7
2016,Nebraska,8,7.5,8.6
2016,Nevada,10.1,9.1,11.3
2016,New Hampshire,7.7,7,8.5
2016,New Jersey,8.1,7.3,8.9
2016,New Mexico,10.4,9.4,11.4
2016,New York,9.4,8.9,10
2016,North Carolina,10.1,9.3,10.9
2016,North Dakota,8.2,7.4,9
2016,Ohio,9.7,9,10.3
2016,Oklahoma,10.9,10.1,11.8
2016,Oregon,8.4,7.6,9.2
2016,Pennsylvania,9.6,8.8,10.4
2016,Rhode Island,8.6,7.8,9.5
2016,South Carolina,11.5,10.8,12.2
2016,South Dakota,6.9,6.1,7.8
2016,Tennessee,11.2,10.3,12.1
2016,Texas,10.9,9.9,11.9
2016,Utah,7.7,7.1,8.3
2016,Vermont,7.3,6.5,8.1
2016,Virginia,9.6,8.9,10.2
2016,Washington,8.6,8.1,9.1
2016,West Virginia,12.7,11.9,13.5
2016,Wisconsin,8.6,7.7,9.5
2016,Wyoming,7.6,6.7,8.6
2016,Guam,11.3,9.3,13.7
2016,Puerto Rico,13.7,12.7,14.8
2016,Virgin Islands of the U.S.,11.9,9.8,14.4
US Diabetes Surveillance System; www.cdc.gov/diabetes/data; Division of Diabetes Translation - Centers for Disease Control and Prevention.